1,1,7,37,1.139777
1,1,7,22,1.158461
1,1,7,38,1.180978
1,1,7,39,1.187509
1,1,7,75,1.217173
1,2,8,19,1.247409
1,2,7,23,1.267474
1,2,7,58,1.273454
1,2,7,57,1.290427
1,2,7,24,1.292108
1,3,7,72,1.229857
1,3,8,19,1.251396
1,3,7,23,1.265342
1,3,7,20,1.270969
1,3,7,58,1.277851
1,4,7,37,1.112346
1,4,7,22,1.166364
1,4,7,72,1.167578
1,4,7,75,1.187607
1,4,7,38,1.188971
1,5,7,72,1.132049
1,5,7,37,1.133388
1,5,7,22,1.16299
1,5,7,38,1.185976
1,5,7,75,1.186617
1,6,4,13,1.202042
1,6,7,72,1.225505
1,6,7,9,1.22842
1,6,7,10,1.229698
1,6,7,35,1.241675
1,7,7,9,1.22052
1,7,7,10,1.22193
1,7,4,13,1.223123
1,7,7,72,1.225
1,7,7,35,1.241675
1,8,7,21,1.178212
1,8,7,38,1.190342
1,8,7,39,1.194869
1,8,7,37,1.215749
1,8,7,36,1.23291
1,9,8,27,1.30574
1,9,7,36,1.379508
1,9,7,38,1.405184
1,9,7,22,1.408914
1,9,7,37,1.421932
1,10,8,27,1.440032
1,10,8,29,1.441239
1,10,8,31,1.553455
1,10,10,27,1.563746
1,10,4,21,1.65866
1,11,4,21,1.729242
1,11,4,22,1.734651
1,11,4,12,1.799359
1,11,5,52,1.836659
1,11,8,29,1.861589
1,12,4,21,1.398464
1,12,10,27,1.542089
1,12,4,14,1.666994
1,12,8,31,1.696228
1,12,10,40,1.700398
1,13,4,18,1.249662
1,13,8,19,1.293949
1,13,7,71,1.310718
1,13,7,54,1.317498
1,13,7,25,1.333964
1,14,8,31,1.265884
1,14,8,16,1.288717
1,14,10,43,1.311564
1,14,8,17,1.375721
1,14,10,27,1.380904
1,15,7,22,1.366501
1,15,4,18,1.367935
1,15,8,19,1.373139
1,15,7,41,1.374964
1,15,7,58,1.382861
1,16,8,16,1.248352
1,16,8,31,1.268756
1,16,10,43,1.301298
1,16,7,22,1.308172
1,16,7,41,1.316732
1,17,4,21,1.572972
1,17,10,27,1.715796
1,17,5,36,1.842971
1,17,5,31,1.855439
1,17,3,21,1.860881
1,18,4,14,1.451257
1,18,4,21,1.567644
1,18,10,27,1.6737
1,18,5,25,1.678307
1,18,5,26,1.696228
1,19,7,54,1.367951
1,19,7,55,1.373816
1,19,7,18,1.398453
1,19,8,31,1.403135
1,19,7,74,1.408542
1,20,7,54,1.321893
1,20,7,55,1.327854
1,20,8,31,1.346235
1,20,7,74,1.362041
1,20,7,75,1.37566
1,21,4,14,1.534013
1,21,4,21,1.557649
1,21,10,27,1.596589
1,21,10,52,1.696117
1,21,10,51,1.696865
1,22,8,16,1.238739
1,22,10,43,1.320016
1,22,8,31,1.326899
1,22,3,31,1.350403
1,22,8,17,1.368718
1,23,7,72,1.321964
1,23,10,43,1.325903
1,23,7,37,1.334745
1,23,7,35,1.336305
1,23,7,38,1.339384
1,24,10,39,1.25309
1,24,10,38,1.260068
1,24,7,72,1.280282
1,24,7,75,1.281936
1,24,7,35,1.286701
1,25,7,75,1.145876
1,25,7,72,1.157023
1,25,7,37,1.183967
1,25,7,19,1.225759
1,25,8,20,1.261909
1,26,7,75,1.139561
1,26,7,37,1.146123
1,26,7,72,1.178693
1,26,7,58,1.230178
1,26,7,57,1.23096
1,27,7,37,1.108176
1,27,7,72,1.186822
1,27,7,57,1.230827
1,27,7,36,1.232649
1,27,7,19,1.234913
1,28,7,19,1.194101
1,28,7,62,1.255901
1,28,5,24,1.265877
1,28,8,27,1.272363
1,28,7,72,1.276083
1,29,8,31,1.262408
1,29,5,24,1.272628
1,29,5,26,1.285159
1,29,5,25,1.290079
1,29,8,25,1.333887
1,30,7,37,1.088584
1,30,7,39,1.153953
1,30,7,41,1.159517
1,30,7,61,1.163481
1,30,7,38,1.179667
1,31,7,37,1.107489
1,31,7,38,1.131403
1,31,7,41,1.133842
1,31,7,57,1.159283
1,31,7,58,1.163064
1,32,7,37,1.146757
1,32,7,75,1.218087
1,32,7,38,1.21853
1,32,7,39,1.227269
1,32,5,24,1.228889
1,33,7,37,1.106879
1,33,7,55,1.207884
1,33,7,38,1.222117
1,33,7,75,1.223873
1,33,7,39,1.231086
1,34,7,19,1.196763
1,34,5,24,1.277868
1,34,7,75,1.311625
1,34,7,55,1.318018
1,34,7,41,1.344981
1,35,7,19,1.210537
1,35,7,23,1.220047
1,35,7,20,1.22113
1,35,7,21,1.226548
1,35,7,56,1.243323
1,36,7,4,1.174332
1,36,7,52,1.183443
1,36,7,49,1.18657
1,36,7,46,1.198307
1,36,7,47,1.198574
1,37,7,51,1.153806
1,37,7,52,1.18718
1,37,7,62,1.19412
1,37,7,60,1.200626
1,37,7,35,1.201357
1,38,7,37,1.22889
1,38,8,18,1.231211
1,38,10,38,1.231716
1,38,10,53,1.240839
1,38,7,55,1.24359
1,39,7,37,1.142671
1,39,7,38,1.155597
1,39,7,58,1.157457
1,39,7,75,1.15776
1,39,7,57,1.162478
1,40,7,72,1.140666
1,40,7,58,1.14115
1,40,7,57,1.15892
1,40,7,56,1.170339
1,40,7,20,1.201079
1,41,7,44,1.1249
1,41,7,61,1.134034
1,41,7,62,1.154521
1,41,7,41,1.171606
1,41,7,59,1.195545
1,42,7,39,1.09651
1,42,7,38,1.103036
1,42,7,37,1.104681
1,42,7,21,1.143846
1,42,7,20,1.143876
1,43,7,39,1.123046
1,43,7,38,1.136174
1,43,7,37,1.137934
1,43,7,41,1.150336
1,43,7,22,1.156235
1,44,7,49,1.10162
1,44,7,62,1.10805
1,44,7,63,1.11376
1,44,7,72,1.123699
1,44,7,17,1.135932
1,45,7,74,1.202871
1,45,7,75,1.208161
1,45,7,38,1.212058
1,45,7,55,1.229453
1,45,7,19,1.245929
1,46,8,27,1.232762
1,46,7,41,1.283811
1,46,7,22,1.300094
1,46,7,37,1.313403
1,46,8,29,1.318299
1,47,7,74,1.127095
1,47,7,41,1.18653
1,47,7,40,1.192025
1,47,7,19,1.19576
1,47,7,3,1.215001
1,48,7,37,1.142434
1,48,7,39,1.185847
1,48,7,22,1.225649
1,48,7,75,1.226391
1,48,7,19,1.230632
1,49,7,37,1.144261
1,49,7,39,1.167721
1,49,7,36,1.187415
1,49,7,20,1.217385
1,49,7,55,1.217799
1,50,7,41,1.22142
1,50,7,39,1.234723
1,50,7,40,1.235471
1,50,7,36,1.261007
1,50,7,54,1.261986
1,51,7,39,1.246062
1,51,7,37,1.2492
1,51,7,40,1.249477
1,51,7,24,1.249986
1,51,7,25,1.250202
1,52,3,31,1.325348
1,52,4,17,1.329576
1,52,8,16,1.334786
1,52,7,18,1.360746
1,52,8,31,1.375342
1,53,8,19,1.344599
1,53,7,18,1.374063
1,53,8,21,1.381455
1,53,7,19,1.399645
1,53,8,16,1.403646
1,54,7,54,1.339047
1,54,7,75,1.38348
1,54,7,21,1.384964
1,54,7,19,1.392761
1,54,7,18,1.398564
1,55,7,75,1.296444
1,55,7,38,1.300331
1,55,7,39,1.331049
1,55,7,21,1.336042
1,55,7,20,1.337019
1,56,7,75,1.314272
1,56,7,21,1.336048
1,56,5,24,1.33782
1,56,7,20,1.340424
1,56,4,14,1.343688
1,57,4,14,1.521825
1,57,10,27,1.560278
1,57,10,52,1.565855
1,57,10,51,1.62524
1,57,10,50,1.68303
1,58,10,27,1.611519
1,58,10,40,1.720582
1,58,10,34,1.742074
1,58,4,21,1.783043
1,58,9,21,1.819261
1,59,10,35,1.313477
1,59,10,50,1.330229
1,59,4,13,1.33108
1,59,3,29,1.3415
1,59,3,33,1.357481
1,60,7,22,1.24236
1,60,5,25,1.247736
1,60,7,37,1.262206
1,60,5,26,1.263961
1,60,7,75,1.290008
1,61,10,39,1.256479
1,61,8,20,1.307942
1,61,10,38,1.332592
1,61,7,22,1.337676
1,61,4,15,1.346952
1,62,8,20,1.271178
1,62,5,25,1.287185
1,62,5,26,1.291466
1,62,10,38,1.307834
1,62,4,14,1.310722
1,63,7,37,1.181017
1,63,5,25,1.244912
1,63,7,38,1.251362
1,63,7,75,1.258339
1,63,5,26,1.269373
1,64,8,28,1.304235
1,64,8,29,1.344754
1,64,8,27,1.467782
1,64,4,21,1.562993
1,64,9,21,1.57241
1,65,7,60,1.293081
1,65,4,16,1.301858
1,65,5,24,1.305477
1,65,7,59,1.341268
1,65,7,58,1.344518
1,66,7,55,1.287533
1,66,7,60,1.302937
1,66,7,61,1.32079
1,66,7,19,1.333207
1,66,10,39,1.347192
1,67,7,38,1.114449
1,67,7,39,1.155398
1,67,7,41,1.160552
1,67,7,75,1.174565
1,67,7,74,1.183924
1,68,7,39,1.127841
1,68,7,20,1.128635
1,68,7,22,1.138339
1,68,7,38,1.141235
1,68,7,21,1.173922
1,69,8,19,1.239741
1,69,7,19,1.298343
1,69,4,15,1.32132
1,69,7,55,1.328616
1,69,4,16,1.330931
1,70,7,19,1.189304
1,70,7,75,1.244043
1,70,8,19,1.245271
1,70,7,36,1.247214
1,70,7,58,1.266333
1,71,7,55,1.18712
1,71,7,75,1.189565
1,71,7,56,1.193422
1,71,7,21,1.196696
1,71,7,20,1.211453
1,72,7,56,1.148302
1,72,7,37,1.15534
1,72,7,55,1.163276
1,72,7,58,1.177467
1,72,7,57,1.179003
1,73,7,37,1.123428
1,73,7,36,1.165007
1,73,7,58,1.176619
1,73,7,56,1.178353
1,73,7,75,1.18038
1,74,7,38,1.122911
1,74,7,39,1.150329
1,74,7,55,1.159592
1,74,7,75,1.173975
1,74,7,19,1.218395
1,75,7,38,1.122436
1,75,7,39,1.122757
1,75,7,75,1.173975
1,75,8,27,1.208409
1,75,7,72,1.211038
2,1,6,2,1.326335
2,1,6,37,1.333231
2,1,6,36,1.355549
2,1,6,42,1.358633
2,1,6,41,1.358639
2,2,6,73,1.245094
2,2,6,1,1.255534
2,2,6,35,1.278453
2,2,6,2,1.278501
2,2,6,41,1.283879
2,3,6,36,1.233501
2,3,6,35,1.239796
2,3,6,37,1.251113
2,3,6,2,1.321102
2,3,6,73,1.33196
2,4,6,37,1.188764
2,4,6,73,1.200883
2,4,6,36,1.23189
2,4,6,35,1.252332
2,4,6,33,1.284555
2,5,6,73,1.21606
2,5,6,35,1.222457
2,5,6,40,1.319993
2,5,3,23,1.337253
2,5,6,2,1.343038
2,6,6,2,1.321005
2,6,6,41,1.364369
2,6,6,40,1.377687
2,6,6,1,1.380921
2,6,6,73,1.387584
2,7,6,41,1.249839
2,7,6,73,1.250389
2,7,6,35,1.267165
2,7,6,42,1.311901
2,7,6,2,1.314062
2,8,3,23,1.231397
2,8,6,73,1.23573
2,8,6,35,1.236563
2,8,6,1,1.365355
2,8,6,2,1.378639
2,9,6,20,1.227815
2,9,5,34,1.251388
2,9,6,21,1.281465
2,9,6,48,1.281532
2,9,5,35,1.28965
2,10,6,2,1.265117
2,10,6,4,1.331342
2,10,5,34,1.35887
2,10,5,23,1.40112
2,10,3,23,1.40219
2,11,6,3,1.277113
2,11,6,4,1.34111
2,11,6,2,1.380733
2,11,6,10,1.389271
2,11,6,9,1.389839
2,12,6,2,1.30164
2,12,5,34,1.369319
2,12,6,10,1.395577
2,12,6,43,1.404541
2,12,6,37,1.412245
2,13,6,2,1.295127
2,13,6,1,1.404925
2,13,5,33,1.416998
2,13,6,38,1.424916
2,13,6,37,1.426774
2,14,6,2,1.304587
2,14,6,1,1.377838
2,14,5,34,1.382882
2,14,5,23,1.421891
2,14,6,37,1.424649
2,15,6,2,1.314423
2,15,6,1,1.361604
2,15,5,34,1.387224
2,15,5,23,1.399801
2,15,6,37,1.424224
2,16,6,36,1.164648
2,16,6,39,1.215951
2,16,6,72,1.219091
2,16,6,73,1.230219
2,16,6,34,1.231287
2,17,6,1,1.40294
2,17,6,74,1.460367
2,17,5,34,1.523719
2,17,6,39,1.541749
2,17,5,23,1.579598
2,18,5,14,1.320383
2,18,5,62,1.345236
2,18,3,41,1.425259
2,18,5,9,1.473255
2,18,10,58,1.516274
2,19,4,9,1.213036
2,19,3,15,1.215684
2,19,3,14,1.24429
2,19,5,39,1.278949
2,19,5,27,1.284014
2,20,10,60,1.192038
2,20,3,15,1.211146
2,20,3,14,1.253173
2,20,5,39,1.294853
2,20,9,14,1.313503
2,21,10,60,1.202363
2,21,10,57,1.333463
2,21,5,20,1.333766
2,21,5,21,1.384622
2,21,5,62,1.401019
2,22,5,37,1.406961
2,22,5,49,1.476259
2,22,6,2,1.500405
2,22,6,1,1.557885
2,22,5,48,1.57382
2,23,3,23,1.25482
2,23,5,34,1.321626
2,23,6,36,1.389056
2,23,6,37,1.400883
2,23,5,23,1.451319
2,24,5,32,1.336059
2,24,5,35,1.340918
2,24,6,21,1.364667
2,24,5,34,1.365216
2,24,6,73,1.410461
2,25,6,20,1.333291
2,25,6,36,1.362983
2,25,6,37,1.365666
2,25,6,19,1.370612
2,25,6,18,1.389765
2,26,6,73,1.232447
2,26,6,35,1.236832
2,26,6,39,1.278737
2,26,6,36,1.320823
2,26,6,37,1.323775
2,27,6,38,1.153193
2,27,6,35,1.245043
2,27,6,39,1.255278
2,27,6,73,1.289382
2,27,6,72,1.316166
2,28,6,34,1.173396
2,28,6,39,1.233227
2,28,6,33,1.342378
2,28,6,38,1.351999
2,28,6,74,1.412319
2,29,6,34,1.162901
2,29,6,39,1.172934
2,29,6,33,1.341006
2,29,6,74,1.363039
2,29,6,38,1.379401
2,30,6,38,1.27774
2,30,6,39,1.279263
2,30,6,1,1.281478
2,30,6,34,1.306379
2,30,6,72,1.32833
2,31,6,38,1.240153
2,31,6,39,1.244017
2,31,6,72,1.313979
2,31,6,34,1.326533
2,31,6,35,1.408184
2,32,6,39,1.260608
2,32,6,34,1.333515
2,32,6,35,1.359892
2,32,6,72,1.377686
2,32,6,73,1.402275
2,33,3,23,1.468648
2,33,5,49,1.540804
2,33,3,34,1.549468
2,33,5,48,1.551786
2,33,4,19,1.571683
2,34,5,50,1.442064
2,34,5,51,1.486121
2,34,3,23,1.583296
2,34,4,19,1.586909
2,34,3,34,1.642997
2,35,6,37,1.296711
2,35,6,36,1.300284
2,35,6,14,1.310476
2,35,6,75,1.326224
2,35,6,56,1.359953
2,36,6,41,1.263807
2,36,6,56,1.296443
2,36,6,50,1.299882
2,36,6,51,1.311401
2,36,6,55,1.313443
2,37,5,48,1.556659
2,37,5,49,1.713364
2,37,5,37,1.715948
2,37,5,23,1.73606
2,37,5,50,1.770788
2,38,6,17,1.226294
2,38,6,19,1.247776
2,38,6,22,1.251584
2,38,6,16,1.259046
2,38,6,24,1.264277
2,39,6,12,1.358682
2,39,6,53,1.372559
2,39,6,51,1.37704
2,39,6,52,1.379371
2,39,5,34,1.389643
2,40,6,14,1.249805
2,40,6,15,1.345695
2,40,6,40,1.35866
2,40,6,41,1.374783
2,40,3,25,1.385531
2,41,6,75,1.370534
2,41,3,25,1.38303
2,41,5,34,1.395336
2,41,5,51,1.421898
2,41,6,14,1.44451
2,42,3,23,1.362871
2,42,5,48,1.368664
2,42,4,10,1.418109
2,42,6,74,1.469673
2,42,3,25,1.489494
2,43,7,35,1.329475
2,43,1,39,1.354045
2,43,1,7,1.358739
2,43,7,72,1.363048
2,43,7,34,1.367797
2,44,5,34,1.387988
2,44,5,35,1.424549
2,44,6,74,1.427244
2,44,3,23,1.434029
2,44,3,25,1.514759
2,45,10,45,1.247533
2,45,10,55,1.252369
2,45,5,19,1.264361
2,45,8,35,1.270267
2,45,10,65,1.271023
2,46,3,14,1.213956
2,46,4,8,1.26903
2,46,10,41,1.294464
2,46,3,40,1.303407
2,46,5,27,1.322319
2,47,5,27,1.35877
2,47,8,15,1.373738
2,47,5,8,1.381859
2,47,5,9,1.387061
2,47,10,57,1.389473
2,48,3,15,1.265683
2,48,10,60,1.297112
2,48,3,41,1.322785
2,48,8,37,1.322854
2,48,9,25,1.325084
2,49,5,37,1.460205
2,49,5,49,1.583757
2,49,6,1,1.598359
2,49,5,23,1.630678
2,49,6,39,1.647333
2,50,6,1,1.397379
2,50,5,50,1.443722
2,50,3,23,1.454859
2,50,5,37,1.460867
2,50,6,2,1.4664
2,51,6,73,1.280148
2,51,6,35,1.348444
2,51,5,34,1.366442
2,51,4,19,1.380803
2,51,6,1,1.417653
2,52,4,20,1.349053
2,52,6,21,1.372222
2,52,5,34,1.374748
2,52,6,20,1.3803
2,52,4,19,1.380454
2,53,4,20,1.263374
2,53,6,21,1.35553
2,53,6,20,1.36338
2,53,5,51,1.400725
2,53,6,19,1.401214
2,54,6,73,1.234813
2,54,6,35,1.262294
2,54,6,39,1.327747
2,54,4,20,1.34778
2,54,6,20,1.358287
2,55,6,73,1.271673
2,55,6,72,1.353222
2,55,6,34,1.366097
2,55,6,17,1.389472
2,55,6,16,1.394655
2,56,6,72,1.344127
2,56,6,34,1.357194
2,56,6,75,1.406336
2,56,6,74,1.408002
2,56,6,17,1.429006
2,57,6,34,1.381402
2,57,6,72,1.397913
2,57,6,74,1.450524
2,57,6,73,1.451022
2,57,6,75,1.45918
2,58,6,1,1.23435
2,58,6,39,1.363836
2,58,6,34,1.374479
2,58,6,72,1.394431
2,58,6,40,1.424001
2,59,6,1,1.23999
2,59,4,20,1.305977
2,59,6,39,1.317054
2,59,6,34,1.36586
2,59,6,17,1.412696
2,60,6,35,1.397437
2,60,6,34,1.408199
2,60,6,75,1.460227
2,60,6,39,1.468396
2,60,3,25,1.469895
2,61,6,35,1.195069
2,61,6,73,1.214366
2,61,6,39,1.25204
2,61,6,72,1.28047
2,61,3,23,1.369016
2,62,6,73,1.180204
2,62,6,35,1.232448
2,62,6,72,1.253527
2,62,6,42,1.266303
2,62,6,41,1.267439
2,63,6,41,1.228498
2,63,6,35,1.243543
2,63,6,42,1.289564
2,63,6,72,1.290464
2,63,6,71,1.322864
2,64,5,51,1.376982
2,64,5,50,1.43769
2,64,3,25,1.440777
2,64,5,49,1.506609
2,64,3,24,1.538651
2,65,6,73,1.327229
2,65,6,42,1.371842
2,65,6,43,1.394091
2,65,6,35,1.423206
2,65,6,41,1.454403
2,66,5,48,1.333935
2,66,5,49,1.343635
2,66,5,50,1.389319
2,66,6,35,1.437077
2,66,6,41,1.440073
2,67,6,23,1.265727
2,67,6,24,1.266368
2,67,6,22,1.272271
2,67,6,25,1.281786
2,67,6,41,1.293698
2,68,6,17,1.228242
2,68,6,19,1.245118
2,68,6,22,1.262028
2,68,6,18,1.271599
2,68,6,41,1.273713
2,69,6,14,1.28224
2,69,6,40,1.361744
2,69,6,41,1.362299
2,69,5,34,1.37632
2,69,6,56,1.395473
2,70,5,37,1.395237
2,70,5,48,1.410971
2,70,5,50,1.41699
2,70,5,49,1.434525
2,70,3,23,1.510369
2,71,4,10,1.365774
2,71,3,23,1.368283
2,71,5,48,1.41981
2,71,5,37,1.420433
2,71,5,50,1.424372
2,72,7,72,1.209073
2,72,7,51,1.235693
2,72,7,14,1.241531
2,72,7,74,1.248666
2,72,7,54,1.253061
2,73,10,28,1.348899
2,73,4,11,1.397983
2,73,5,45,1.417687
2,73,5,30,1.512942
2,73,9,12,1.553157
2,74,3,40,1.300062
2,74,5,62,1.35637
2,74,10,22,1.362738
2,74,10,21,1.370741
2,74,4,8,1.387256
2,75,3,36,1.850071
2,75,3,35,2.06712
2,75,5,28,2.183591
2,75,4,22,2.187284
2,75,4,10,2.210213
3,1,4,74,1.054239
3,1,4,75,1.054239
3,1,5,73,1.153063
3,1,4,72,1.185035
3,1,4,63,1.192253
3,2,4,74,1.055019
3,2,4,75,1.055019
3,2,4,70,1.180047
3,2,4,72,1.182786
3,2,5,73,1.231996
3,3,4,74,1.05741
3,3,4,75,1.05741
3,3,4,72,1.174592
3,3,4,70,1.22724
3,3,4,58,1.229286
3,4,4,74,1.079386
3,4,4,75,1.079386
3,4,5,73,1.098879
3,4,4,72,1.176269
3,4,4,63,1.217566
3,5,4,74,1.053663
3,5,4,75,1.053663
3,5,4,72,1.171399
3,5,4,70,1.176182
3,5,5,73,1.232478
3,6,4,58,1.188445
3,6,4,35,1.189294
3,6,5,3,1.205429
3,6,5,4,1.215326
3,6,5,5,1.222825
3,7,9,4,1.257548
3,7,9,5,1.257548
3,7,10,12,1.259159
3,7,5,11,1.285185
3,7,4,70,1.314772
3,8,4,5,1.15682
3,8,8,45,1.213114
3,8,10,12,1.228941
3,8,9,55,1.236966
3,8,4,7,1.248516
3,9,5,11,1.176115
3,9,4,7,1.202273
3,9,10,12,1.228941
3,9,10,14,1.298193
3,9,10,11,1.302061
3,10,8,9,1.240031
3,10,10,15,1.252935
3,10,8,4,1.258301
3,10,8,66,1.264775
3,10,8,67,1.264775
3,11,5,18,1.261769
3,11,9,52,1.329621
3,11,9,10,1.337212
3,11,8,7,1.340598
3,11,8,54,1.347171
3,12,5,17,1.206152
3,12,5,18,1.263647
3,12,5,16,1.295482
3,12,8,13,1.374969
3,12,10,19,1.388642
3,13,8,37,1.175192
3,13,5,18,1.240106
3,13,5,39,1.2622
3,13,5,20,1.293435
3,13,9,27,1.29527
3,14,2,46,1.213956
3,14,5,17,1.226775
3,14,5,19,1.237787
3,14,2,19,1.24429
3,14,2,20,1.253173
3,15,5,39,1.207388
3,15,2,20,1.211146
3,15,2,19,1.215684
3,15,2,48,1.265683
3,15,8,37,1.298823
3,16,5,29,1.152573
3,16,5,17,1.228256
3,16,5,30,1.342623
3,16,4,11,1.354218
3,16,10,28,1.355686
3,17,1,33,1.316124
3,17,4,13,1.318447
3,17,1,73,1.330215
3,17,1,8,1.364569
3,17,1,39,1.365471
3,18,1,17,1.947572
3,18,1,58,2.121383
3,18,9,22,2.160956
3,18,5,46,2.205537
3,18,5,36,2.212276
3,19,5,31,1.906516
3,19,6,64,1.914874
3,19,1,17,1.916568
3,19,6,66,1.969125
3,19,6,13,2.014073
3,20,1,17,1.926196
3,20,5,31,2.013898
3,20,1,58,2.101956
3,20,6,64,2.118126
3,20,9,22,2.124442
3,21,6,38,1.756823
3,21,2,9,1.791072
3,21,6,37,1.796028
3,21,5,23,1.796595
3,21,5,49,1.837707
3,22,5,37,1.359298
3,22,2,8,1.450813
3,22,5,50,1.520189
3,22,2,44,1.531872
3,22,2,67,1.536544
3,23,2,8,1.231397
3,23,2,23,1.25482
3,23,2,2,1.297206
3,23,2,5,1.337253
3,23,2,42,1.362871
3,24,5,51,1.190271
3,24,4,19,1.389649
3,24,2,67,1.399785
3,24,2,68,1.441285
3,24,2,52,1.469071
3,25,5,51,1.253111
3,25,5,48,1.257482
3,25,5,47,1.257555
3,25,2,41,1.38303
3,25,2,40,1.385531
3,26,1,5,1.349401
3,26,8,20,1.375478
3,26,1,35,1.379464
3,26,4,13,1.379896
3,26,1,3,1.395034
3,27,7,46,1.273382
3,27,7,69,1.276965
3,27,4,18,1.285184
3,27,7,70,1.286385
3,27,1,35,1.28686
3,28,7,64,1.314631
3,28,7,66,1.31992
3,28,7,67,1.328538
3,28,7,65,1.332863
3,28,7,49,1.333575
3,29,7,68,1.257475
3,29,4,18,1.266059
3,29,7,64,1.271607
3,29,7,69,1.277105
3,29,7,65,1.280756
3,30,1,39,1.217867
3,30,7,37,1.22444
3,30,1,68,1.240529
3,30,1,71,1.241166
3,30,1,1,1.24487
3,31,4,18,1.21392
3,31,7,68,1.239265
3,31,1,1,1.249514
3,31,1,4,1.254484
3,31,1,68,1.263953
3,32,1,1,1.259813
3,32,7,68,1.284765
3,32,7,66,1.319398
3,32,7,64,1.334177
3,32,1,16,1.343802
3,33,1,5,1.295734
3,33,1,4,1.29582
3,33,4,13,1.32073
3,33,1,35,1.344851
3,33,1,59,1.357481
3,34,4,10,1.469039
3,34,2,64,1.547038
3,34,2,33,1.549468
3,34,2,34,1.642997
3,34,2,71,1.687008
3,35,8,14,1.312611
3,35,4,10,1.35579
3,35,8,32,1.473673
3,35,8,33,1.500278
3,35,9,13,1.624327
3,36,5,61,1.713277
3,36,9,13,1.790056
3,36,2,47,1.821835
3,36,2,75,1.850071
3,36,5,60,1.850748
3,37,2,47,1.441769
3,37,2,74,1.480243
3,37,2,19,1.623321
3,37,2,20,1.64476
3,37,5,21,1.665793
3,38,8,37,1.176769
3,38,9,14,1.226843
3,38,5,19,1.231032
3,38,10,45,1.242359
3,38,9,25,1.271331
3,39,10,59,1.233696
3,39,4,26,1.234253
3,39,9,28,1.312154
3,39,5,20,1.314057
3,39,8,26,1.327251
3,40,2,74,1.300062
3,40,2,46,1.303407
3,40,5,20,1.32954
3,40,8,36,1.349036
3,40,10,57,1.37669
3,41,8,37,1.273533
3,41,10,63,1.283572
3,41,8,34,1.293088
3,41,10,65,1.302669
3,41,10,66,1.302865
3,42,10,66,1.293604
3,42,10,65,1.296795
3,42,10,67,1.300721
3,42,9,28,1.312439
3,42,10,64,1.33082
3,43,8,40,1.20765
3,43,10,12,1.21409
3,43,8,42,1.214884
3,43,8,1,1.263918
3,43,9,4,1.26472
3,44,5,72,1.062207
3,44,9,73,1.162547
3,44,8,44,1.164652
3,44,9,60,1.169637
3,44,8,45,1.190732
3,45,4,72,1.010941
3,45,4,74,1.105347
3,45,4,75,1.105347
3,45,4,70,1.123895
3,45,4,31,1.140623
3,46,9,71,1.067283
3,46,4,38,1.068026
3,46,4,39,1.071713
3,46,4,51,1.088835
3,46,4,46,1.091895
3,47,9,71,1.067283
3,47,4,38,1.068026
3,47,4,39,1.071713
3,47,4,51,1.088835
3,47,4,46,1.091895
3,48,4,38,1.130398
3,48,8,5,1.131267
3,48,4,45,1.137867
3,48,4,39,1.15355
3,48,9,3,1.171835
3,49,4,38,1.130398
3,49,8,5,1.132323
3,49,4,45,1.138403
3,49,4,39,1.15355
3,49,9,3,1.171835
3,50,4,60,0.945941
3,50,5,1,1.014232
3,50,4,61,1.034239
3,50,5,73,1.058875
3,50,4,44,1.073788
3,51,4,44,1.05104
3,51,5,1,1.051302
3,51,5,73,1.071973
3,51,5,4,1.076787
3,51,4,60,1.079077
3,52,9,7,1.106708
3,52,9,6,1.149438
3,52,4,59,1.162784
3,52,9,8,1.171874
3,52,4,52,1.185544
3,53,4,38,0.990397
3,53,4,39,1.068927
3,53,4,51,1.098282
3,53,4,55,1.113102
3,53,9,4,1.116494
3,54,4,55,1.094493
3,54,9,71,1.107987
3,54,4,1,1.109026
3,54,4,2,1.109189
3,54,4,45,1.113654
3,55,4,70,1.099616
3,55,4,72,1.114153
3,55,4,69,1.13348
3,55,4,68,1.145548
3,55,4,75,1.145909
3,56,4,70,1.09198
3,56,4,68,1.105448
3,56,4,72,1.106576
3,56,4,67,1.121723
3,56,10,2,1.144267
3,57,5,4,0.98636
3,57,5,5,1.037853
3,57,4,35,1.069201
3,57,4,63,1.10955
3,57,5,3,1.11923
3,58,4,70,1.098681
3,58,4,74,1.102201
3,58,4,75,1.102244
3,58,4,69,1.132346
3,58,4,72,1.144068
3,59,4,66,1.098365
3,59,4,73,1.119574
3,59,4,69,1.135606
3,59,4,33,1.163789
3,59,4,34,1.175123
3,60,5,3,1.160212
3,60,5,2,1.168215
3,60,5,4,1.174887
3,60,4,71,1.205057
3,60,5,1,1.210961
3,61,4,71,1.127258
3,61,5,4,1.152371
3,61,5,3,1.158807
3,61,5,1,1.161944
3,61,5,2,1.166727
3,62,4,73,1.026258
3,62,4,37,1.06212
3,62,4,36,1.083384
3,62,4,34,1.089946
3,62,4,33,1.091996
3,63,4,73,1.030038
3,63,4,37,1.06212
3,63,4,36,1.083384
3,63,4,34,1.089942
3,63,5,1,1.094901
3,64,4,48,0.995882
3,64,4,49,0.995882
3,64,4,70,1.050219
3,64,4,72,1.052412
3,64,10,2,1.067371
3,65,4,60,0.990047
3,65,4,59,1.006534
3,65,4,58,1.014528
3,65,4,62,1.038751
3,65,5,1,1.057554
3,66,5,2,1.008593
3,66,5,4,1.009814
3,66,5,1,1.032619
3,66,5,5,1.033743
3,66,5,3,1.050759
3,67,5,2,1.008593
3,67,5,4,1.009806
3,67,5,5,1.029824
3,67,5,1,1.04633
3,67,5,3,1.050773
3,68,5,2,0.970526
3,68,5,4,1.027788
3,68,5,5,1.055229
3,68,5,3,1.066648
3,68,5,1,1.076366
3,69,4,42,0.902369
3,69,4,43,0.902369
3,69,4,60,0.967315
3,69,4,59,0.973211
3,69,5,1,0.992452
3,70,4,46,1.046048
3,70,4,47,1.046048
3,70,4,38,1.052116
3,70,4,3,1.074645
3,70,4,51,1.093303
3,71,4,41,1.028376
3,71,4,56,1.028764
3,71,4,2,1.036648
3,71,4,40,1.051029
3,71,4,38,1.053601
3,72,4,75,0.953654
3,72,4,74,0.953655
3,72,4,72,1.149477
3,72,4,67,1.178069
3,72,4,34,1.194752
3,73,4,75,0.953654
3,73,4,74,0.953655
3,73,4,70,1.130425
3,73,4,72,1.149477
3,73,10,1,1.152918
3,74,5,1,1.015227
3,74,5,2,1.021003
3,74,4,62,1.034589
3,74,5,73,1.041572
3,74,5,3,1.058078
3,75,4,61,0.979909
3,75,5,73,1.043972
3,75,4,59,1.053985
3,75,4,41,1.055172
3,75,4,60,1.057707
4,1,3,69,1.006855
4,1,5,1,1.089695
4,1,3,65,1.093756
4,1,3,74,1.094448
4,1,3,71,1.104873
4,2,3,69,1.032196
4,2,3,71,1.036648
4,2,5,1,1.08428
4,2,3,75,1.08633
4,2,3,74,1.097434
4,3,3,70,1.074645
4,3,3,54,1.129289
4,3,8,50,1.136675
4,3,8,51,1.136675
4,3,8,44,1.142944
4,4,3,70,1.118498
4,4,3,54,1.141554
4,4,8,44,1.171138
4,4,3,53,1.17943
4,4,8,72,1.197183
4,5,3,8,1.15682
4,5,8,47,1.18479
4,5,9,62,1.223951
4,5,9,61,1.255672
4,5,9,63,1.256902
4,6,5,9,1.226238
4,6,5,8,1.419038
4,6,9,14,1.519517
4,6,5,27,1.520865
4,6,8,15,1.526831
4,7,5,11,1.183888
4,7,3,9,1.202273
4,7,3,8,1.248516
4,7,8,13,1.29678
4,7,8,47,1.30293
4,8,2,46,1.26903
4,8,5,29,1.286534
4,8,8,13,1.292604
4,8,10,58,1.29488
4,8,10,21,1.320446
4,9,2,19,1.213036
4,9,10,41,1.295773
4,9,9,24,1.303296
4,9,3,14,1.309376
4,9,10,24,1.315864
4,10,8,14,1.339216
4,10,8,32,1.339772
4,10,3,35,1.35579
4,10,8,33,1.363411
4,10,2,71,1.365774
4,11,5,30,1.305522
4,11,3,16,1.354218
4,11,5,41,1.37496
4,11,2,73,1.397983
4,11,5,15,1.411211
4,12,10,43,1.320765
4,12,1,4,1.357771
4,12,1,39,1.358796
4,12,1,3,1.366073
4,12,1,40,1.38359
4,13,1,6,1.202042
4,13,1,7,1.223123
4,13,9,20,1.245845
4,13,10,35,1.25041
4,13,8,18,1.252358
4,14,1,32,1.242707
4,14,1,63,1.308134
4,14,1,62,1.310722
4,14,1,60,1.336401
4,14,1,56,1.343688
4,15,5,26,1.256634
4,15,5,25,1.290074
4,15,1,49,1.306825
4,15,1,63,1.317142
4,15,1,69,1.32132
4,16,1,32,1.26539
4,16,1,63,1.28599
4,16,1,33,1.299157
4,16,1,65,1.301858
4,16,1,68,1.302333
4,17,3,30,1.309986
4,17,7,9,1.323643
4,17,1,16,1.326579
4,17,1,52,1.329576
4,17,7,10,1.357137
4,18,3,31,1.21392
4,18,1,39,1.243431
4,18,1,5,1.244513
4,18,1,13,1.249662
4,18,1,73,1.261073
4,19,2,52,1.380454
4,19,2,51,1.380803
4,19,3,24,1.389649
4,19,2,54,1.395405
4,19,2,53,1.40559
4,20,2,53,1.263374
4,20,2,59,1.305977
4,20,2,54,1.34778
4,20,2,52,1.349053
4,20,2,11,1.456076
4,21,1,12,1.398464
4,21,10,34,1.408727
4,21,10,50,1.49926
4,21,1,9,1.534569
4,21,1,46,1.549127
4,22,5,51,1.666619
4,22,8,32,1.697703
4,22,1,10,1.718277
4,22,1,11,1.734651
4,22,5,61,1.734811
4,23,3,38,1.452245
4,23,9,17,1.453999
4,23,9,15,1.471361
4,23,10,45,1.485122
4,23,10,41,1.500921
4,24,10,55,1.278955
4,24,10,41,1.312991
4,24,9,14,1.320769
4,24,2,19,1.330058
4,24,10,56,1.339398
4,25,10,63,1.279684
4,25,10,61,1.280025
4,25,8,37,1.284548
4,25,8,36,1.317418
4,25,10,65,1.343827
4,26,3,39,1.234253
4,26,10,59,1.387731
4,26,8,34,1.417273
4,26,3,41,1.422219
4,26,9,26,1.436522
4,27,8,39,1.256529
4,27,9,43,1.259648
4,27,9,42,1.259648
4,27,8,40,1.271808
4,27,9,40,1.289146
4,28,3,41,1.331683
4,28,8,34,1.397082
4,28,3,72,1.439577
4,28,3,73,1.439577
4,28,9,25,1.455657
4,29,8,39,1.213536
4,29,10,67,1.232329
4,29,8,38,1.276388
4,29,9,42,1.27807
4,29,9,43,1.27807
4,30,3,59,1.319445
4,30,10,2,1.437768
4,30,3,62,1.440345
4,30,3,63,1.440345
4,30,10,1,1.459183
4,31,3,45,1.140623
4,31,3,58,1.226624
4,31,3,64,1.242001
4,31,3,56,1.286131
4,31,3,5,1.290566
4,32,10,2,1.122072
4,32,3,63,1.140913
4,32,3,62,1.140968
4,32,10,1,1.147538
4,32,5,4,1.147786
4,33,3,62,1.091996
4,33,10,2,1.119798
4,33,3,63,1.126413
4,33,10,1,1.142285
4,33,3,59,1.163789
4,34,3,63,1.089942
4,34,3,62,1.089946
4,34,3,69,1.120408
4,34,10,1,1.135009
4,34,10,2,1.150847
4,35,3,57,1.069201
4,35,5,2,1.146176
4,35,5,4,1.152747
4,35,5,5,1.158042
4,35,10,2,1.166351
4,36,3,69,1.075052
4,36,3,62,1.083384
4,36,3,63,1.083384
4,36,5,73,1.133683
4,36,3,74,1.164569
4,37,3,62,1.06212
4,37,3,63,1.06212
4,37,3,50,1.172561
4,37,5,73,1.193512
4,37,10,72,1.199544
4,38,3,53,0.990397
4,38,5,73,1.031803
4,38,3,70,1.052116
4,38,3,71,1.053601
4,38,3,46,1.068026
4,39,5,73,1.015013
4,39,3,53,1.068927
4,39,3,46,1.071713
4,39,3,47,1.071713
4,39,3,65,1.077409
4,40,3,69,1.023719
4,40,3,71,1.051029
4,40,3,75,1.079534
4,40,5,1,1.085659
4,40,5,73,1.114534
4,41,3,71,1.028376
4,41,3,69,1.038712
4,41,3,75,1.055172
4,41,5,1,1.085659
4,41,5,73,1.114296
4,42,3,69,0.902369
4,42,3,71,1.081496
4,42,5,73,1.09476
4,42,3,65,1.12161
4,42,3,51,1.12356
4,43,3,69,0.902369
4,43,3,71,1.081496
4,43,5,73,1.09476
4,43,3,65,1.12161
4,43,3,51,1.12356
4,44,3,51,1.05104
4,44,5,1,1.056664
4,44,3,50,1.073788
4,44,3,74,1.082801
4,44,5,73,1.084184
4,45,3,74,1.107951
4,45,9,74,1.113114
4,45,3,54,1.113654
4,45,9,73,1.129137
4,45,9,75,1.129137
4,46,3,70,1.046048
4,46,3,46,1.091895
4,46,3,47,1.091895
4,46,8,72,1.120882
4,46,8,73,1.120882
4,47,3,70,1.046048
4,47,3,46,1.091896
4,47,3,47,1.091896
4,47,8,72,1.120882
4,47,8,73,1.120882
4,48,3,64,0.995882
4,48,3,45,1.142511
4,48,10,2,1.225794
4,48,9,65,1.234607
4,48,10,71,1.315974
4,49,3,64,0.995882
4,49,3,45,1.142511
4,49,10,2,1.225794
4,49,9,65,1.234607
4,49,10,71,1.315974
4,50,8,50,1.063497
4,50,8,51,1.063497
4,50,10,75,1.087537
4,50,10,74,1.106844
4,50,10,70,1.122965
4,51,3,46,1.088835
4,51,3,47,1.088835
4,51,3,70,1.093303
4,51,3,53,1.098282
4,51,8,44,1.123032
4,52,5,4,1.084803
4,52,3,65,1.093425
4,52,5,2,1.105866
4,52,3,66,1.112461
4,52,3,67,1.118049
4,53,10,1,1.069739
4,53,5,2,1.082425
4,53,5,3,1.084674
4,53,5,4,1.089636
4,53,10,2,1.126739
4,54,5,2,1.105938
4,54,10,1,1.106514
4,54,5,3,1.12202
4,54,5,4,1.13588
4,54,3,57,1.165378
4,55,5,73,1.03442
4,55,3,54,1.094493
4,55,9,6,1.099082
4,55,3,53,1.113102
4,55,3,46,1.122821
4,56,3,69,1.005815
4,56,3,71,1.028764
4,56,5,1,1.078316
4,56,3,75,1.082329
4,56,3,66,1.082767
4,57,3,69,1.007758
4,57,5,1,1.032878
4,57,5,73,1.048506
4,57,3,66,1.068357
4,57,3,75,1.073345
4,58,3,65,1.014528
4,58,3,66,1.090139
4,58,3,67,1.095127
4,58,5,2,1.104362
4,58,5,5,1.126725
4,59,3,69,0.973211
4,59,3,65,1.006534
4,59,5,1,1.046351
4,59,3,75,1.053985
4,59,3,71,1.072584
4,60,3,50,0.945941
4,60,3,69,0.967315
4,60,3,65,0.990047
4,60,5,1,0.998524
4,60,5,73,1.034002
4,61,3,75,0.979909
4,61,3,50,1.034239
4,61,3,74,1.095347
4,61,3,69,1.104352
4,61,5,73,1.120652
4,62,3,74,1.034589
4,62,3,65,1.038751
4,62,3,67,1.110859
4,62,3,71,1.112338
4,62,3,66,1.128671
4,63,3,57,1.10955
4,63,3,66,1.116862
4,63,3,67,1.122445
4,63,5,5,1.125411
4,63,5,3,1.125602
4,64,9,73,1.087152
4,64,9,37,1.092465
4,64,10,8,1.122473
4,64,8,52,1.132198
4,64,8,74,1.132682
4,65,9,73,1.087152
4,65,9,37,1.092465
4,65,10,8,1.122473
4,65,8,52,1.132198
4,65,8,74,1.132682
4,66,3,59,1.098365
4,66,3,63,1.118431
4,66,3,62,1.118436
4,66,5,1,1.149031
4,66,3,57,1.169719
4,67,3,56,1.121723
4,67,3,62,1.16237
4,67,3,63,1.16237
4,67,3,72,1.178069
4,67,3,73,1.179829
4,68,3,56,1.105448
4,68,3,55,1.145548
4,68,3,73,1.179925
4,68,3,72,1.205496
4,68,5,3,1.218783
4,69,10,2,1.113636
4,69,3,64,1.114009
4,69,10,1,1.125387
4,69,3,58,1.132346
4,69,3,55,1.13348
4,70,3,64,1.050219
4,70,10,1,1.069191
4,70,3,56,1.09198
4,70,3,58,1.098681
4,70,3,55,1.099616
4,71,3,69,1.062514
4,71,5,2,1.099299
4,71,3,62,1.116448
4,71,3,63,1.116448
4,71,5,3,1.120483
4,72,3,45,1.010941
4,72,3,64,1.052412
4,72,3,56,1.106576
4,72,10,2,1.111486
4,72,10,1,1.113479
4,73,3,69,1.001468
4,73,3,62,1.026258
4,73,3,63,1.030038
4,73,5,2,1.112087
4,73,3,66,1.115437
4,74,3,72,0.953655
4,74,3,73,0.953655
4,74,3,5,1.053663
4,74,3,1,1.054239
4,74,3,2,1.055019
4,75,3,72,0.953654
4,75,3,73,0.953654
4,75,3,5,1.053663
4,75,3,1,1.054239
4,75,3,2,1.055019
5,1,3,69,0.992452
5,1,4,60,0.998524
5,1,3,50,1.014232
5,1,3,74,1.015227
5,1,3,66,1.032619
5,2,3,68,0.970526
5,2,3,66,1.008593
5,2,3,67,1.008593
5,2,3,74,1.021003
5,2,4,60,1.054696
5,3,3,66,1.050759
5,3,3,67,1.050773
5,3,3,74,1.058078
5,3,4,60,1.060796
5,3,3,68,1.066648
5,4,3,57,0.98636
5,4,3,67,1.009806
5,4,3,66,1.009814
5,4,3,68,1.027788
5,4,3,74,1.061025
5,5,3,67,1.029824
5,5,3,66,1.033743
5,5,3,57,1.037853
5,5,3,68,1.055229
5,5,4,59,1.120194
5,6,4,58,1.17759
5,6,4,2,1.186131
5,6,4,59,1.186365
5,6,9,55,1.195581
5,6,9,47,1.199731
5,7,4,2,1.193066
5,7,9,55,1.211079
5,7,4,58,1.211672
5,7,9,47,1.219248
5,7,9,50,1.219556
5,8,10,12,1.331052
5,8,9,5,1.345181
5,8,9,4,1.345233
5,8,4,44,1.379702
5,8,2,47,1.381859
5,9,4,6,1.226238
5,9,9,11,1.363245
5,9,2,47,1.387061
5,9,10,12,1.43409
5,9,9,5,1.444811
5,10,10,14,1.325493
5,10,10,9,1.326181
5,10,10,11,1.330101
5,10,8,49,1.362287
5,10,9,55,1.368955
5,11,3,9,1.176115
5,11,4,7,1.183888
5,11,10,12,1.221644
5,11,10,14,1.266897
5,11,3,7,1.285185
5,12,10,12,1.174018
5,12,8,1,1.245553
5,12,8,2,1.245553
5,12,8,3,1.245553
5,12,8,41,1.269804
5,13,10,58,1.197925
5,13,8,13,1.272495
5,13,9,10,1.279973
5,13,10,20,1.321136
5,13,9,28,1.326001
5,14,2,18,1.320383
5,14,4,7,1.344341
5,14,10,21,1.357756
5,14,10,20,1.366661
5,14,8,13,1.396032
5,15,9,12,1.336082
5,15,4,11,1.411211
5,15,8,14,1.425817
5,15,9,23,1.43194
5,15,9,13,1.467071
5,16,3,12,1.295482
5,16,9,23,1.298265
5,16,3,14,1.299191
5,16,8,13,1.338767
5,16,3,16,1.363089
5,17,3,12,1.206152
5,17,3,14,1.226775
5,17,3,16,1.228256
5,17,10,29,1.332161
5,17,8,13,1.358973
5,18,3,13,1.240106
5,18,3,14,1.253623
5,18,10,19,1.259826
5,18,3,11,1.261769
5,18,3,12,1.263647
5,19,3,38,1.231032
5,19,3,14,1.237787
5,19,2,45,1.264361
5,19,3,13,1.321161
5,19,10,29,1.326665
5,20,3,38,1.278327
5,20,3,13,1.293435
5,20,3,39,1.314057
5,20,2,45,1.314269
5,20,3,40,1.32954
5,21,3,15,1.365484
5,21,2,19,1.367179
5,21,4,9,1.378326
5,21,2,20,1.380153
5,21,2,21,1.384622
5,22,3,15,1.304675
5,22,2,20,1.313835
5,22,2,19,1.316529
5,22,10,54,1.366821
5,22,2,21,1.421382
5,23,2,36,1.347772
5,23,2,38,1.360131
5,23,2,30,1.363727
5,23,2,2,1.372323
5,23,2,1,1.384187
5,24,1,32,1.228889
5,24,1,33,1.233044
5,24,1,35,1.250818
5,24,1,28,1.265877
5,24,1,74,1.270747
5,25,1,63,1.244912
5,25,1,60,1.247736
5,25,1,32,1.273797
5,25,1,62,1.287185
5,25,4,15,1.290074
5,26,4,15,1.256634
5,26,1,33,1.258031
5,26,1,60,1.263961
5,26,1,63,1.269373
5,26,1,29,1.285159
5,27,2,19,1.284014
5,27,2,46,1.322319
5,27,2,47,1.35877
5,27,9,14,1.367486
5,27,3,15,1.368827
5,28,8,14,1.541194
5,28,8,32,1.56409
5,28,2,52,1.584337
5,28,2,24,1.590322
5,28,2,53,1.60905
5,29,3,16,1.152573
5,29,4,8,1.286534
5,29,3,14,1.295832
5,29,9,11,1.308278
5,29,8,37,1.348436
5,30,3,14,1.264898
5,30,4,11,1.305522
5,30,3,16,1.342623
5,30,9,12,1.354839
5,30,9,13,1.36163
5,31,4,22,1.793081
5,31,1,58,1.830574
5,31,1,57,1.831219
5,31,1,17,1.855439
5,31,1,21,1.861863
5,32,2,24,1.336059
5,32,2,68,1.399851
5,32,2,36,1.439878
5,32,2,69,1.440019
5,32,2,53,1.459324
5,33,2,13,1.416998
5,33,2,2,1.478772
5,33,2,15,1.503246
5,33,2,4,1.511128
5,33,2,1,1.531116
5,34,2,9,1.251388
5,34,2,23,1.321626
5,34,2,10,1.35887
5,34,2,68,1.361978
5,34,2,24,1.365216
5,35,2,9,1.28965
5,35,2,24,1.340918
5,35,6,20,1.369308
5,35,2,68,1.394957
5,35,2,38,1.407647
5,36,1,58,1.841856
5,36,1,17,1.842971
5,36,6,37,1.87418
5,36,6,36,1.89278
5,36,6,28,1.900269
5,37,3,22,1.359298
5,37,2,70,1.395237
5,37,3,23,1.403277
5,37,2,22,1.406961
5,37,6,36,1.417062
5,38,1,70,1.426703
5,38,1,71,1.432827
5,38,1,33,1.44244
5,38,4,18,1.445259
5,38,1,34,1.44718
5,39,3,15,1.207388
5,39,8,37,1.218047
5,39,3,13,1.2622
5,39,2,19,1.278949
5,39,2,20,1.294853
5,40,4,16,1.346454
5,40,4,18,1.407667
5,40,1,7,1.475327
5,40,1,71,1.479833
5,40,4,15,1.486277
5,41,4,11,1.37496
5,41,8,23,1.562965
5,41,8,22,1.584603
5,41,4,16,1.608929
5,41,4,12,1.610632
5,42,9,12,1.538481
5,42,3,16,1.560006
5,42,8,32,1.569263
5,42,4,11,1.589185
5,42,10,41,1.593226
5,43,10,32,1.479769
5,43,9,15,1.543176
5,43,3,16,1.563755
5,43,8,32,1.575121
5,43,9,24,1.623072
5,44,9,13,1.4307
5,44,9,12,1.489326
5,44,10,28,1.492348
5,44,10,41,1.51469
5,44,8,14,1.516169
5,45,10,41,1.336629
5,45,2,73,1.417687
5,45,10,28,1.482718
5,45,9,12,1.535014
5,45,10,56,1.544255
5,46,3,25,1.508263
5,46,3,24,1.602512
5,46,2,42,1.632544
5,46,2,33,1.658257
5,46,2,64,1.661424
5,47,3,25,1.257555
5,47,2,40,1.529833
5,47,2,41,1.531136
5,47,2,60,1.533602
5,47,2,69,1.577696
5,48,3,25,1.257482
5,48,2,66,1.333935
5,48,2,42,1.368664
5,48,2,70,1.410971
5,48,2,63,1.41585
5,49,2,66,1.343635
5,49,3,25,1.431517
5,49,2,70,1.434525
5,49,2,28,1.450754
5,49,2,29,1.470285
5,50,2,66,1.389319
5,50,2,70,1.41699
5,50,2,63,1.419183
5,50,2,71,1.424372
5,50,2,8,1.430754
5,51,3,24,1.190271
5,51,3,25,1.253111
5,51,2,64,1.376982
5,51,2,53,1.400725
5,51,2,52,1.413487
5,52,1,11,1.836659
5,52,1,12,1.854656
5,52,1,57,1.858212
5,52,1,17,1.864803
5,52,1,58,1.864885
5,53,4,22,1.891571
5,53,1,11,1.992397
5,53,1,9,1.993522
5,53,1,12,2.004713
5,53,1,10,2.010121
5,54,4,12,1.749862
5,54,4,22,1.900919
5,54,1,11,1.996722
5,54,1,9,1.997822
5,54,1,12,2.00908
5,55,4,22,1.866567
5,55,1,9,2.016359
5,55,1,11,2.016503
5,55,1,12,2.030283
5,55,1,10,2.033979
5,56,4,12,1.750761
5,56,4,22,1.827129
5,56,9,12,1.868246
5,56,9,26,1.988349
5,56,8,33,2.013934
5,57,4,12,1.732659
5,57,4,22,1.774298
5,57,9,12,1.814909
5,57,9,26,1.878003
5,57,3,35,1.880338
5,58,4,12,1.729956
5,58,4,22,1.783447
5,58,8,2,1.803946
5,58,8,3,1.80402
5,58,8,1,1.804298
5,59,4,22,1.783098
5,59,9,12,1.87339
5,59,9,26,1.88176
5,59,4,8,1.911778
5,59,8,31,1.922614
5,60,4,22,1.751689
5,60,4,12,1.778008
5,60,9,12,1.832954
5,60,9,26,1.837827
5,60,4,8,1.838618
5,61,3,36,1.713277
5,61,3,37,1.721725
5,61,4,22,1.734811
5,61,9,26,1.79436
5,61,4,12,1.803057
5,62,10,60,1.314498
5,62,2,18,1.345236
5,62,2,74,1.35637
5,62,2,21,1.401019
5,62,3,40,1.406456
5,63,3,39,1.615434
5,63,3,38,1.645006
5,63,4,8,1.708633
5,63,4,9,1.709039
5,63,4,12,1.7379
5,64,4,12,1.7166
5,64,4,22,1.884997
5,64,9,12,1.910684
5,64,4,68,1.927438
5,64,3,4,1.952444
5,65,4,12,1.803322
5,65,4,22,1.892456
5,65,4,68,1.984111
5,65,9,12,1.986263
5,65,7,23,2.014874
5,66,4,12,1.879946
5,66,4,22,1.892839
5,66,4,68,1.95155
5,66,9,12,1.965473
5,66,3,4,2.001433
5,67,4,12,1.86702
5,67,4,22,1.883544
5,67,4,68,1.895092
5,67,9,12,1.916569
5,67,3,4,1.945172
5,68,4,68,1.762496
5,68,9,12,1.803863
5,68,3,4,1.812783
5,68,3,2,1.828053
5,68,8,2,1.830002
5,69,4,68,1.739282
5,69,9,12,1.783853
5,69,3,4,1.789534
5,69,3,2,1.805067
5,69,8,2,1.807369
5,70,4,68,1.825253
5,70,4,12,1.840925
5,70,3,4,1.875242
5,70,4,22,1.876189
5,70,3,2,1.890739
5,71,4,12,1.824018
5,71,4,22,1.877225
5,71,4,68,1.886762
5,71,9,12,1.899077
5,71,3,4,1.937345
5,72,3,44,1.062207
5,72,9,4,1.088363
5,72,9,5,1.088363
5,72,4,46,1.129664
5,72,4,47,1.129664
5,73,4,39,1.015013
5,73,4,38,1.031803
5,73,4,60,1.034002
5,73,4,55,1.03442
5,73,3,74,1.041572
5,74,4,68,1.653919
5,74,8,2,1.716122
5,74,8,3,1.716204
5,74,8,1,1.716552
5,74,4,66,1.77786
5,75,4,68,1.828868
5,75,8,2,1.89521
5,75,8,3,1.895283
5,75,8,1,1.895589
5,75,4,66,1.936744
6,1,2,58,1.23435
6,1,2,59,1.23999
6,1,2,2,1.255534
6,1,2,30,1.281478
6,1,2,15,1.361604
6,2,2,10,1.265117
6,2,2,2,1.278501
6,2,2,13,1.295127
6,2,2,12,1.30164
6,2,2,14,1.304587
6,3,2,11,1.277113
6,3,2,38,1.311552
6,3,2,68,1.313462
6,3,2,10,1.433632
6,3,2,40,1.460499
6,4,2,10,1.331342
6,4,2,11,1.34111
6,4,2,38,1.508048
6,4,2,68,1.509764
6,4,2,36,1.546343
6,5,2,10,1.477748
6,5,2,11,1.484137
6,5,2,9,1.501951
6,5,2,12,1.574563
6,5,2,67,1.602171
6,6,2,10,1.613278
6,6,2,11,1.633716
6,6,2,12,1.727216
6,6,2,67,1.755217
6,6,2,9,1.766926
6,7,2,11,1.633608
6,7,2,9,1.65231
6,7,2,10,1.702275
6,7,2,67,1.755178
6,7,2,12,1.791191
6,8,2,10,1.451268
6,8,2,11,1.470449
6,8,2,12,1.561085
6,8,2,63,1.590665
6,8,2,65,1.634163
6,9,2,11,1.389839
6,9,2,9,1.395016
6,9,2,10,1.413425
6,9,2,12,1.465753
6,9,2,63,1.47353
6,10,2,63,1.344381
6,10,2,11,1.389271
6,10,2,67,1.392277
6,10,2,12,1.395577
6,10,2,10,1.420702
6,11,2,36,1.381556
6,11,2,68,1.413142
6,11,2,35,1.447967
6,11,2,39,1.482082
6,11,2,67,1.48503
6,12,2,38,1.310027
6,12,2,36,1.330371
6,12,2,39,1.358682
6,12,2,9,1.377678
6,12,2,11,1.49849
6,13,5,35,1.575431
6,13,2,9,1.594678
6,13,2,10,1.59925
6,13,2,11,1.604228
6,13,2,36,1.620788
6,14,2,40,1.249805
6,14,2,38,1.265474
6,14,2,69,1.28224
6,14,2,68,1.297703
6,14,2,35,1.310476
6,15,2,38,1.265473
6,15,2,68,1.299158
6,15,2,40,1.345695
6,15,2,11,1.397263
6,15,2,9,1.407965
6,16,2,38,1.259046
6,16,2,68,1.337949
6,16,2,26,1.389652
6,16,2,55,1.394655
6,16,2,40,1.40768
6,17,2,38,1.226294
6,17,2,68,1.228242
6,17,2,9,1.370216
6,17,2,55,1.389472
6,17,2,59,1.412696
6,18,2,68,1.271599
6,18,2,38,1.289083
6,18,2,9,1.367398
6,18,2,25,1.389765
6,18,2,11,1.417934
6,19,2,68,1.245118
6,19,2,38,1.247776
6,19,2,9,1.355983
6,19,2,25,1.370612
6,19,2,54,1.390612
6,20,2,9,1.227815
6,20,2,38,1.295049
6,20,2,68,1.304989
6,20,2,26,1.327026
6,20,2,25,1.333291
6,21,2,9,1.281465
6,21,2,38,1.300548
6,21,2,68,1.304706
6,21,2,67,1.331237
6,21,2,53,1.35553
6,22,2,38,1.251584
6,22,2,68,1.262028
6,22,2,67,1.272271
6,22,2,26,1.387047
6,22,2,11,1.408837
6,23,2,38,1.264955
6,23,2,67,1.265727
6,23,2,68,1.334342
6,23,2,11,1.410255
6,23,2,26,1.424036
6,24,2,38,1.264277
6,24,2,67,1.266368
6,24,2,68,1.335893
6,24,2,11,1.402504
6,24,2,10,1.421057
6,25,2,67,1.281786
6,25,2,38,1.296126
6,25,2,68,1.335856
6,25,2,9,1.373844
6,25,2,11,1.402072
6,26,2,9,1.370102
6,26,2,11,1.398496
6,26,2,58,1.444506
6,26,2,59,1.445344
6,26,2,14,1.451269
6,27,2,9,1.340915
6,27,2,11,1.397685
6,27,2,58,1.483646
6,27,2,59,1.484787
6,27,2,12,1.492887
6,28,2,9,1.401653
6,28,2,11,1.404906
6,28,2,38,1.461677
6,28,2,14,1.48134
6,28,2,12,1.550916
6,29,2,11,1.418455
6,29,2,9,1.432419
6,29,2,38,1.441814
6,29,2,10,1.471842
6,29,2,35,1.612104
6,30,2,12,1.538142
6,30,2,9,1.549619
6,30,2,10,1.554823
6,30,2,11,1.554856
6,30,2,38,1.608643
6,31,2,10,1.4474
6,31,2,11,1.447402
6,31,2,9,1.461455
6,31,2,12,1.533967
6,31,2,67,1.560902
6,32,2,3,1.362141
6,32,2,63,1.467883
6,32,2,16,1.473913
6,32,2,65,1.475429
6,32,2,13,1.481086
6,33,2,4,1.284555
6,33,2,29,1.341006
6,33,2,28,1.342378
6,33,2,30,1.364473
6,33,2,16,1.370744
6,34,2,29,1.162901
6,34,2,28,1.173396
6,34,2,16,1.231287
6,34,2,30,1.306379
6,34,2,62,1.320905
6,35,2,61,1.195069
6,35,2,5,1.222457
6,35,2,62,1.232448
6,35,2,16,1.235375
6,35,2,8,1.236563
6,36,2,16,1.164648
6,36,2,4,1.23189
6,36,2,3,1.233501
6,36,2,35,1.300284
6,36,2,26,1.320823
6,37,2,4,1.188764
6,37,2,3,1.251113
6,37,2,16,1.266082
6,37,2,35,1.296711
6,37,2,26,1.323775
6,38,2,27,1.153193
6,38,2,31,1.240153
6,38,2,30,1.27774
6,38,2,28,1.351999
6,38,2,29,1.379401
6,39,2,29,1.172934
6,39,2,16,1.215951
6,39,2,28,1.233227
6,39,2,31,1.244017
6,39,2,61,1.25204
6,40,2,5,1.319993
6,40,2,62,1.356545
6,40,2,40,1.35866
6,40,2,69,1.361744
6,40,2,6,1.377687
6,41,2,63,1.228498
6,41,2,7,1.249839
6,41,2,36,1.263807
6,41,2,62,1.267439
6,41,2,68,1.273713
6,42,2,62,1.266303
6,42,2,63,1.289564
6,42,2,38,1.293009
6,42,2,68,1.295242
6,42,2,67,1.307077
6,43,2,9,1.347521
6,43,2,16,1.391314
6,43,2,65,1.394091
6,43,2,11,1.400305
6,43,2,12,1.404541
6,44,2,11,1.395965
6,44,2,9,1.411778
6,44,2,10,1.423762
6,44,2,67,1.509652
6,44,2,12,1.529855
6,45,2,11,1.453703
6,45,2,9,1.471614
6,45,2,67,1.57098
6,45,2,38,1.629267
6,45,2,68,1.630663
6,46,2,11,1.428649
6,46,2,9,1.446434
6,46,2,67,1.545194
6,46,2,12,1.561542
6,46,2,38,1.602974
6,47,2,9,1.311014
6,47,2,11,1.397631
6,47,2,38,1.459634
6,47,2,68,1.461123
6,47,2,36,1.499572
6,48,2,9,1.281532
6,48,2,38,1.384335
6,48,2,11,1.404842
6,48,2,68,1.427008
6,48,2,12,1.482707
6,49,2,9,1.312688
6,49,2,36,1.347155
6,49,2,38,1.365097
6,49,2,67,1.404892
6,49,2,11,1.407653
6,50,2,38,1.265663
6,50,2,36,1.299882
6,50,2,68,1.302217
6,50,2,35,1.363724
6,50,2,9,1.374565
6,51,2,38,1.2752
6,51,2,9,1.296063
6,51,2,68,1.297306
6,51,2,36,1.311401
6,51,2,39,1.37704
6,52,2,38,1.349622
6,52,2,36,1.37028
6,52,2,68,1.378432
6,52,2,39,1.379371
6,52,2,9,1.387774
6,53,2,38,1.329721
6,53,2,68,1.332
6,53,2,9,1.364269
6,53,2,36,1.368347
6,53,2,39,1.372559
6,54,2,38,1.300429
6,54,2,68,1.319496
6,54,2,67,1.331865
6,54,2,36,1.339154
6,54,2,9,1.350903
6,55,2,68,1.283229
6,55,2,38,1.304045
6,55,2,36,1.313443
6,55,2,67,1.329394
6,55,2,9,1.349571
6,56,2,36,1.296443
6,56,2,67,1.332899
6,56,2,35,1.359953
6,56,2,69,1.395473
6,56,2,40,1.404975
6,57,2,11,1.497839
6,57,2,9,1.500891
6,57,2,36,1.512936
6,57,2,38,1.533902
6,57,2,35,1.553059
6,58,2,9,1.356702
6,58,2,36,1.383555
6,58,2,38,1.395459
6,58,2,11,1.412073
6,58,2,35,1.423472
6,59,2,9,1.421847
6,59,2,11,1.432234
6,59,2,36,1.447584
6,59,2,38,1.459821
6,59,2,35,1.48749
6,60,2,9,1.477003
6,60,2,11,1.486674
6,60,2,36,1.499988
6,60,2,39,1.512909
6,60,2,38,1.512923
6,61,2,9,1.402372
6,61,2,11,1.412183
6,61,2,36,1.425469
6,61,2,38,1.438446
6,61,2,35,1.465258
6,62,2,36,1.427752
6,62,2,38,1.441153
6,62,2,35,1.467449
6,62,2,25,1.472635
6,62,2,39,1.472941
6,63,2,9,1.408102
6,63,2,11,1.417787
6,63,2,36,1.431005
6,63,2,38,1.444252
6,63,2,39,1.462959
6,64,5,35,1.546384
6,64,5,34,1.636845
6,64,5,23,1.750101
6,64,5,33,1.763439
6,64,5,32,1.765441
6,65,2,11,1.412244
6,65,2,9,1.414855
6,65,2,14,1.462469
6,65,2,56,1.483274
6,65,2,25,1.484099
6,66,5,34,1.739519
6,66,5,32,1.773532
6,66,5,35,1.791932
6,66,2,8,1.834238
6,66,2,9,1.850492
6,67,2,9,1.374852
6,67,2,38,1.387976
6,67,2,11,1.417022
6,67,2,68,1.502085
6,67,2,14,1.5142
6,68,2,9,1.320001
6,68,2,11,1.423938
6,68,2,67,1.443158
6,68,2,10,1.451995
6,68,2,38,1.45355
6,69,2,3,1.414912
6,69,2,65,1.484314
6,69,2,66,1.489523
6,69,2,1,1.516971
6,69,2,62,1.56668
6,70,2,38,1.531036
6,70,2,68,1.532591
6,70,2,63,1.536389
6,70,2,12,1.53746
6,70,2,9,1.547067
6,71,2,63,1.322864
6,71,2,4,1.348161
6,71,2,2,1.36039
6,71,2,6,1.395319
6,71,2,62,1.397639
6,72,2,16,1.219091
6,72,2,62,1.253527
6,72,2,61,1.28047
6,72,2,63,1.290464
6,72,2,31,1.313979
6,73,2,62,1.180204
6,73,2,4,1.200883
6,73,2,61,1.214366
6,73,2,5,1.21606
6,73,2,16,1.230219
6,74,2,29,1.363039
6,74,2,30,1.390399
6,74,2,56,1.408002
6,74,2,28,1.412319
6,74,2,44,1.427244
6,75,2,35,1.326224
6,75,2,41,1.370534
6,75,2,40,1.39067
6,75,2,56,1.406336
6,75,2,59,1.433238
7,1,1,36,1.205114
7,1,1,31,1.208193
7,1,1,41,1.237767
7,1,1,47,1.244932
7,1,8,30,1.265118
7,2,1,31,1.211244
7,2,1,41,1.255654
7,2,8,30,1.263999
7,2,1,36,1.266926
7,2,1,30,1.27701
7,3,1,47,1.215001
7,3,1,31,1.222079
7,3,1,41,1.237767
7,3,8,30,1.257792
7,3,1,30,1.273679
7,4,1,36,1.174332
7,4,1,47,1.22247
7,4,1,41,1.237704
7,4,10,44,1.274243
7,4,1,43,1.283803
7,5,1,44,1.199517
7,5,1,36,1.211218
7,5,8,30,1.25039
7,5,8,17,1.263165
7,5,8,31,1.296215
7,6,1,44,1.171535
7,6,1,36,1.246795
7,6,8,31,1.282171
7,6,8,17,1.298185
7,6,10,35,1.307446
7,7,1,44,1.241381
7,7,1,36,1.25395
7,7,8,31,1.280595
7,7,10,35,1.285672
7,7,8,30,1.316096
7,8,8,17,1.21815
7,8,1,44,1.246574
7,8,10,35,1.261118
7,8,1,36,1.26714
7,8,8,31,1.287688
7,9,8,17,1.188329
7,9,8,16,1.215996
7,9,1,7,1.22052
7,9,1,6,1.22842
7,9,1,44,1.246838
7,10,1,44,1.184391
7,10,8,17,1.215648
7,10,1,7,1.22193
7,10,1,6,1.229698
7,10,8,16,1.241572
7,11,1,44,1.166079
7,11,8,16,1.23587
7,11,1,37,1.237015
7,11,8,17,1.257292
7,11,8,31,1.271004
7,12,1,44,1.247455
7,12,8,16,1.254841
7,12,10,35,1.256539
7,12,8,17,1.262241
7,12,8,25,1.271791
7,13,8,17,1.215285
7,13,1,44,1.216491
7,13,8,31,1.26708
7,13,1,36,1.273562
7,13,8,30,1.284634
7,14,1,44,1.173719
7,14,2,72,1.241531
7,14,8,16,1.285248
7,14,8,17,1.303294
7,14,8,31,1.306417
7,15,1,44,1.173719
7,15,8,16,1.206313
7,15,8,31,1.254424
7,15,1,36,1.300713
7,15,8,17,1.303294
7,16,1,41,1.206789
7,16,10,35,1.246647
7,16,8,31,1.255508
7,16,1,75,1.266267
7,16,2,72,1.278038
7,17,1,44,1.135932
7,17,8,17,1.205899
7,17,1,36,1.244004
7,17,8,31,1.271574
7,17,1,37,1.293447
7,18,1,42,1.166648
7,18,1,67,1.205541
7,18,1,31,1.222066
7,18,1,36,1.230517
7,18,1,68,1.231582
7,19,1,70,1.189304
7,19,1,28,1.194101
7,19,1,31,1.195167
7,19,1,47,1.19576
7,19,1,34,1.196763
7,20,1,68,1.128635
7,20,1,42,1.143876
7,20,1,39,1.16891
7,20,1,4,1.189485
7,20,1,67,1.195492
7,21,1,42,1.143846
7,21,1,39,1.167226
7,21,1,68,1.173922
7,21,1,8,1.178212
7,21,1,4,1.192035
7,22,1,68,1.138339
7,22,1,42,1.154791
7,22,1,43,1.156235
7,22,1,1,1.158461
7,22,1,5,1.16299
7,23,1,72,1.188583
7,23,1,31,1.196926
7,23,1,73,1.204732
7,23,1,71,1.212675
7,23,1,35,1.220047
7,24,1,31,1.234667
7,24,1,47,1.240396
7,24,1,51,1.249986
7,24,1,43,1.258049
7,24,1,35,1.260058
7,25,1,51,1.250202
7,25,10,44,1.270892
7,25,1,47,1.301276
7,25,1,72,1.301432
7,25,1,1,1.301531
7,26,8,17,1.264394
7,26,8,28,1.267269
7,26,8,16,1.29581
7,26,8,29,1.297674
7,26,8,30,1.302665
7,27,8,16,1.258828
7,27,8,17,1.26444
7,27,8,30,1.331987
7,27,8,29,1.346707
7,27,8,25,1.35318
7,28,8,16,1.26273
7,28,8,17,1.27086
7,28,8,30,1.271243
7,28,8,25,1.314238
7,28,8,31,1.329736
7,29,8,17,1.221973
7,29,8,16,1.247092
7,29,8,30,1.329103
7,29,3,28,1.333854
7,29,8,20,1.34671
7,30,8,16,1.253982
7,30,8,17,1.277704
7,30,8,30,1.307444
7,30,3,28,1.334158
7,30,8,25,1.355715
7,31,8,17,1.248349
7,31,8,16,1.278019
7,31,8,20,1.328791
7,31,3,28,1.334088
7,31,8,30,1.34863
7,32,8,25,1.219425
7,32,8,17,1.242861
7,32,8,29,1.265749
7,32,8,30,1.27319
7,32,8,28,1.274896
7,33,1,51,1.309817
7,33,1,50,1.360922
7,33,10,39,1.378859
7,33,1,25,1.403081
7,33,2,72,1.416371
7,34,8,17,1.220405
7,34,8,16,1.261335
7,34,10,43,1.299048
7,34,8,31,1.331923
7,34,2,72,1.352986
7,35,1,37,1.201357
7,35,1,40,1.214332
7,35,1,41,1.214904
7,35,1,42,1.215778
7,35,1,44,1.227996
7,36,1,42,1.164326
7,36,1,73,1.165007
7,36,1,31,1.172441
7,36,1,49,1.187415
7,36,1,39,1.196639
7,37,1,30,1.088584
7,37,1,42,1.104681
7,37,1,33,1.106879
7,37,1,31,1.107489
7,37,1,27,1.108176
7,38,1,42,1.103036
7,38,1,67,1.114449
7,38,1,75,1.122436
7,38,1,74,1.122911
7,38,1,31,1.131403
7,39,1,42,1.09651
7,39,1,75,1.122757
7,39,1,43,1.123046
7,39,1,68,1.127841
7,39,1,74,1.150329
7,40,1,47,1.192025
7,40,1,31,1.202435
7,40,1,67,1.227271
7,40,1,50,1.235471
7,40,1,30,1.237992
7,41,1,31,1.133842
7,41,1,43,1.150336
7,41,1,42,1.157801
7,41,1,30,1.159517
7,41,1,67,1.160552
7,42,8,16,1.223678
7,42,1,44,1.262159
7,42,8,17,1.265795
7,42,8,29,1.29157
7,42,10,44,1.299781
7,43,8,16,1.201179
7,43,8,17,1.267427
7,43,8,30,1.300632
7,43,8,29,1.305274
7,43,8,28,1.320167
7,44,1,41,1.1249
7,44,8,16,1.176214
7,44,1,37,1.24287
7,44,1,44,1.248643
7,44,8,17,1.257772
7,45,1,44,1.23656
7,45,8,17,1.2642
7,45,8,31,1.26994
7,45,8,28,1.2836
7,45,1,36,1.285285
7,46,1,44,1.14542
7,46,1,36,1.198307
7,46,8,17,1.25821
7,46,10,44,1.264486
7,46,3,27,1.273382
7,47,1,44,1.145072
7,47,1,36,1.198574
7,47,8,17,1.257334
7,47,8,31,1.266039
7,47,8,16,1.272426
7,48,1,44,1.183624
7,48,1,36,1.206954
7,48,8,17,1.257103
7,48,8,31,1.273588
7,48,8,16,1.273624
7,49,1,44,1.10162
7,49,1,36,1.18657
7,49,10,44,1.188186
7,49,8,17,1.257312
7,49,8,16,1.273446
7,50,10,44,1.189285
7,50,1,44,1.216828
7,50,1,36,1.222781
7,50,8,17,1.252164
7,50,10,35,1.274562
7,51,1,37,1.153806
7,51,1,41,1.231124
7,51,2,72,1.235693
7,51,8,17,1.246071
7,51,1,36,1.249509
7,52,1,36,1.183443
7,52,1,37,1.18718
7,52,1,43,1.225
7,52,1,42,1.244515
7,52,1,41,1.250768
7,53,1,44,1.248279
7,53,1,36,1.254863
7,53,1,37,1.26933
7,53,8,25,1.273496
7,53,8,17,1.279327
7,54,1,41,1.236907
7,54,2,72,1.253061
7,54,1,47,1.256194
7,54,1,50,1.261986
7,54,8,31,1.26872
7,55,1,74,1.159592
7,55,1,72,1.163276
7,55,1,31,1.169991
7,55,1,39,1.180601
7,55,1,73,1.18328
7,56,1,72,1.148302
7,56,1,39,1.164912
7,56,1,42,1.165736
7,56,1,31,1.16645
7,56,1,40,1.170339
7,57,1,40,1.15892
7,57,1,31,1.159283
7,57,1,39,1.162478
7,57,1,72,1.179003
7,57,1,73,1.189244
7,58,1,40,1.14115
7,58,1,39,1.157457
7,58,1,31,1.163064
7,58,1,73,1.176619
7,58,1,72,1.177467
7,59,1,41,1.195545
7,59,1,42,1.226972
7,59,1,47,1.241435
7,59,1,67,1.24925
7,59,8,31,1.251019
7,60,1,31,1.167148
7,60,1,30,1.188098
7,60,1,37,1.200626
7,60,1,41,1.205351
7,60,8,31,1.227371
7,61,1,41,1.134034
7,61,1,30,1.163481
7,61,1,44,1.165363
7,61,1,31,1.184035
7,61,1,43,1.207621
7,62,1,44,1.10805
7,62,1,41,1.154521
7,62,1,31,1.182293
7,62,1,42,1.190348
7,62,1,37,1.19412
7,63,1,44,1.11376
7,63,10,44,1.195698
7,63,8,16,1.23194
7,63,8,17,1.271462
7,63,1,36,1.287878
7,64,1,44,1.20954
7,64,8,16,1.224451
7,64,8,17,1.235055
7,64,3,29,1.271607
7,64,10,43,1.276153
7,65,1,44,1.18715
7,65,8,17,1.239666
7,65,3,29,1.280756
7,65,8,31,1.283877
7,65,1,36,1.292908
7,66,1,44,1.179859
7,66,8,16,1.255225
7,66,8,31,1.284835
7,66,2,72,1.288081
7,66,8,17,1.293526
7,67,1,44,1.165901
7,67,8,17,1.274886
7,67,8,31,1.283168
7,67,1,51,1.290791
7,67,10,43,1.294048
7,68,10,44,1.167523
7,68,3,31,1.239265
7,68,3,29,1.257475
7,68,10,35,1.27761
7,68,3,32,1.284765
7,69,10,44,1.182172
7,69,10,35,1.266259
7,69,3,27,1.276965
7,69,3,29,1.277105
7,69,10,43,1.2872
7,70,1,44,1.167992
7,70,8,17,1.257942
7,70,3,27,1.286385
7,70,2,72,1.315033
7,70,3,29,1.317726
7,71,1,43,1.192501
7,71,1,41,1.203965
7,71,1,42,1.219882
7,71,8,17,1.23611
7,71,1,44,1.241656
7,72,1,44,1.123699
7,72,1,5,1.132049
7,72,1,40,1.140666
7,72,1,25,1.157023
7,72,1,4,1.167578
7,73,1,44,1.21612
7,73,8,17,1.244112
7,73,10,35,1.266578
7,73,2,72,1.271813
7,73,10,44,1.289583
7,74,1,47,1.127095
7,74,1,67,1.183924
7,74,1,42,1.195341
7,74,1,41,1.19953
7,74,1,45,1.202871
7,75,1,26,1.139561
7,75,1,25,1.145876
7,75,1,39,1.15776
7,75,1,74,1.173975
7,75,1,75,1.173975
8,1,9,40,1.110693
8,1,9,41,1.110693
8,1,9,4,1.125473
8,1,9,5,1.125498
8,1,9,42,1.138683
8,2,9,40,1.110693
8,2,9,41,1.110693
8,2,9,4,1.125153
8,2,9,5,1.125177
8,2,9,42,1.138586
8,3,9,40,1.110693
8,3,9,41,1.110693
8,3,9,4,1.125221
8,3,9,42,1.138718
8,3,9,43,1.138718
8,4,9,52,1.106491
8,4,9,60,1.11751
8,4,9,63,1.120221
8,4,9,61,1.126406
8,4,9,62,1.129853
8,5,3,48,1.131267
8,5,9,8,1.131725
8,5,3,49,1.132323
8,5,9,58,1.1578
8,5,9,59,1.1578
8,6,9,73,1.09235
8,6,9,37,1.115711
8,6,9,3,1.133092
8,6,9,74,1.151864
8,6,9,75,1.16572
8,7,9,2,1.138475
8,7,9,37,1.193233
8,7,9,30,1.196473
8,7,9,60,1.212226
8,7,9,74,1.213209
8,8,10,7,1.100677
8,8,10,6,1.101394
8,8,9,54,1.175373
8,8,9,67,1.183152
8,8,9,56,1.195773
8,9,9,30,1.201189
8,9,9,31,1.201695
8,9,9,60,1.213971
8,9,10,14,1.22295
8,9,3,10,1.240031
8,10,10,15,1.206602
8,10,9,10,1.218785
8,10,10,16,1.23086
8,10,10,19,1.261977
8,10,10,18,1.283567
8,11,10,15,1.214562
8,11,3,10,1.276322
8,11,10,9,1.31175
8,11,10,10,1.311773
8,11,10,11,1.311796
8,12,10,55,1.235691
8,12,10,24,1.308707
8,12,10,25,1.31419
8,12,2,45,1.324543
8,12,10,20,1.328951
8,13,9,25,1.214187
8,13,5,13,1.272495
8,13,4,8,1.292604
8,13,9,23,1.296108
8,13,4,7,1.29678
8,14,3,35,1.312611
8,14,4,10,1.339216
8,14,9,11,1.388818
8,14,5,15,1.425817
8,14,10,28,1.4643
8,15,10,42,1.18718
8,15,10,41,1.260573
8,15,10,24,1.264453
8,15,9,23,1.265246
8,15,10,55,1.293863
8,16,7,44,1.176214
8,16,7,43,1.201179
8,16,7,15,1.206313
8,16,7,9,1.215996
8,16,7,61,1.21773
8,17,7,9,1.188329
8,17,7,17,1.205899
8,17,7,13,1.215285
8,17,7,10,1.215648
8,17,7,8,1.21815
8,18,10,33,1.196296
8,18,10,36,1.201613
8,18,10,52,1.210325
8,18,10,51,1.217332
8,18,9,20,1.22556
8,19,1,39,1.180716
8,19,1,73,1.191444
8,19,1,32,1.23231
8,19,1,69,1.239741
8,19,1,33,1.245172
8,20,1,39,1.205317
8,20,9,20,1.205748
8,20,1,26,1.244073
8,20,1,41,1.256308
8,20,7,22,1.259474
8,21,7,21,1.258044
8,21,1,42,1.267321
8,21,7,39,1.271441
8,21,7,22,1.278231
8,21,1,27,1.285341
8,22,10,43,1.516715
8,22,4,17,1.566093
8,22,10,28,1.570809
8,22,5,41,1.584603
8,22,7,61,1.600458
8,23,10,43,1.435435
8,23,10,28,1.456093
8,23,3,16,1.477619
8,23,9,15,1.494207
8,23,5,41,1.562965
8,24,9,15,1.256961
8,24,10,56,1.30771
8,24,10,42,1.313986
8,24,10,43,1.383005
8,24,10,45,1.395941
8,25,7,32,1.219425
8,25,1,40,1.219436
8,25,1,43,1.22215
8,25,1,44,1.226619
8,25,1,42,1.2281
8,26,2,45,1.283926
8,26,10,45,1.284446
8,26,10,61,1.288813
8,26,10,55,1.289762
8,26,9,26,1.298828
8,27,1,39,1.163727
8,27,1,73,1.184759
8,27,1,75,1.208409
8,27,1,30,1.213263
8,27,10,36,1.22855
8,28,9,21,1.238002
8,28,1,41,1.256084
8,28,1,37,1.264209
8,28,7,44,1.264584
8,28,7,26,1.267269
8,29,1,43,1.19153
8,29,1,42,1.204802
8,29,7,37,1.26121
8,29,7,40,1.263505
8,29,7,32,1.265749
8,30,1,42,1.190803
8,30,1,41,1.236038
8,30,7,5,1.25039
8,30,7,3,1.257792
8,30,1,43,1.261854
8,31,7,60,1.227371
8,31,7,61,1.227821
8,31,1,41,1.236747
8,31,10,39,1.24571
8,31,7,58,1.248738
8,32,4,10,1.339772
8,32,10,28,1.410794
8,32,5,27,1.472694
8,32,3,35,1.473673
8,32,5,22,1.510298
8,33,9,13,1.298607
8,33,4,10,1.363411
8,33,5,21,1.461444
8,33,9,11,1.483345
8,33,3,35,1.500278
8,34,10,59,1.259792
8,34,3,41,1.293088
8,34,10,61,1.332548
8,34,3,39,1.363689
8,34,9,28,1.370986
8,35,2,45,1.270267
8,35,10,66,1.288377
8,35,10,58,1.299037
8,35,3,13,1.316277
8,35,5,20,1.331038
8,36,9,27,1.222008
8,36,10,63,1.229978
8,36,3,41,1.304768
8,36,2,19,1.312252
8,36,4,25,1.317418
8,37,3,13,1.175192
8,37,3,38,1.176769
8,37,5,39,1.218047
8,37,9,29,1.227993
8,37,9,28,1.262104
8,38,10,62,1.172481
8,38,9,29,1.201662
8,38,9,28,1.236202
8,38,10,65,1.237342
8,38,4,29,1.276388
8,39,9,29,1.151725
8,39,10,62,1.172787
8,39,4,29,1.213536
8,39,10,64,1.220399
8,39,10,65,1.237667
8,40,3,43,1.20765
8,40,4,27,1.271808
8,40,9,36,1.277857
8,40,10,61,1.281712
8,40,4,29,1.283172
8,41,9,4,1.099473
8,41,10,12,1.127537
8,41,9,9,1.155871
8,41,9,40,1.180145
8,41,9,41,1.180145
8,42,9,4,1.15923
8,42,9,5,1.15923
8,42,10,12,1.163518
8,42,4,50,1.187435
8,42,3,70,1.20555
8,43,9,68,1.049887
8,43,10,75,1.058529
8,43,10,74,1.067366
8,43,10,69,1.073784
8,43,10,72,1.080782
8,44,9,36,1.055981
8,44,9,66,1.085499
8,44,9,67,1.085499
8,44,10,75,1.091448
8,44,9,37,1.12092
8,45,9,4,1.128991
8,45,9,5,1.129024
8,45,9,62,1.147614
8,45,9,6,1.154006
8,45,9,70,1.175665
8,46,9,52,1.150835
8,46,9,63,1.151869
8,46,9,68,1.168036
8,46,9,53,1.174985
8,46,10,10,1.178392
8,47,9,4,1.146815
8,47,9,5,1.147282
8,47,9,6,1.174293
8,47,4,5,1.18479
8,47,10,12,1.187809
8,48,5,72,1.210413
8,48,4,65,1.244667
8,48,4,64,1.244668
8,48,3,54,1.252064
8,48,3,53,1.256198
8,49,4,45,1.183296
8,49,9,52,1.20594
8,49,10,11,1.21707
8,49,9,54,1.231933
8,49,9,55,1.243535
8,50,9,61,1.028
8,50,9,62,1.063296
8,50,4,50,1.063497
8,50,9,63,1.063565
8,50,9,60,1.066694
8,51,9,61,1.028
8,51,9,62,1.063296
8,51,4,50,1.063497
8,51,9,63,1.063565
8,51,9,60,1.066694
8,52,10,8,1.070376
8,52,9,73,1.103922
8,52,9,74,1.119757
8,52,9,72,1.120785
8,52,4,64,1.132198
8,53,9,62,1.156953
8,53,9,70,1.174257
8,53,9,61,1.182205
8,53,9,74,1.184843
8,53,9,63,1.192412
8,54,9,73,1.1406
8,54,9,2,1.146154
8,54,9,63,1.157085
8,54,9,30,1.165449
8,54,10,14,1.167347
8,55,9,73,1.153486
8,55,9,2,1.189496
8,55,9,70,1.221413
8,55,9,72,1.243882
8,55,10,14,1.248692
8,56,9,40,1.062472
8,56,9,49,1.07362
8,56,9,8,1.083216
8,56,9,41,1.084208
8,56,9,50,1.097744
8,57,9,40,1.062472
8,57,9,49,1.07362
8,57,9,8,1.083216
8,57,9,41,1.084208
8,57,9,50,1.097744
8,58,9,8,1.046054
8,58,9,36,1.05618
8,58,9,40,1.067726
8,58,10,75,1.076823
8,58,9,50,1.10035
8,59,9,52,1.098167
8,59,9,60,1.112235
8,59,9,2,1.120766
8,59,9,1,1.120769
8,59,9,61,1.134322
8,60,9,49,1.037872
8,60,9,38,1.064082
8,60,9,39,1.069147
8,60,4,44,1.11002
8,60,9,8,1.113243
8,61,9,49,1.037872
8,61,9,38,1.064073
8,61,9,39,1.069147
8,61,4,44,1.109833
8,61,9,8,1.113243
8,62,9,41,1.038219
8,62,9,40,1.092246
8,62,9,38,1.147691
8,62,9,39,1.147691
8,62,9,62,1.157194
8,63,9,41,1.029888
8,63,9,4,1.089064
8,63,9,40,1.094432
8,63,9,5,1.142662
8,63,9,38,1.147855
8,64,9,41,1.03433
8,64,9,4,1.089064
8,64,9,40,1.094432
8,64,9,5,1.142662
8,64,9,38,1.147855
8,65,9,41,1.038762
8,65,9,4,1.089064
8,65,9,40,1.094432
8,65,9,5,1.142662
8,65,9,38,1.147855
8,66,9,60,1.137322
8,66,9,62,1.177225
8,66,9,63,1.190215
8,66,9,61,1.196558
8,66,9,30,1.198584
8,67,9,60,1.137322
8,67,9,62,1.177225
8,67,9,63,1.190215
8,67,9,61,1.196558
8,67,9,30,1.198584
8,68,9,6,1.064649
8,68,9,52,1.090121
8,68,9,7,1.093373
8,68,9,63,1.104268
8,68,9,53,1.129396
8,69,9,6,1.064649
8,69,9,52,1.090465
8,69,9,7,1.093373
8,69,9,63,1.104227
8,69,9,53,1.129396
8,70,9,40,1.067952
8,70,9,41,1.067952
8,70,9,54,1.086162
8,70,9,55,1.089669
8,70,9,38,1.093932
8,71,9,51,1.071918
8,71,9,40,1.096205
8,71,9,41,1.096205
8,71,9,43,1.122561
8,71,9,42,1.122562
8,72,10,69,1.082898
8,72,10,14,1.091536
8,72,9,60,1.091539
8,72,10,8,1.094828
8,72,9,7,1.113276
8,73,10,69,1.083306
8,73,10,14,1.091536
8,73,9,60,1.091539
8,73,10,8,1.094828
8,73,9,7,1.113276
8,74,9,57,1.076679
8,74,9,56,1.079574
8,74,10,69,1.110591
8,74,4,64,1.132682
8,74,4,65,1.132682
8,75,9,56,1.096091
8,75,9,57,1.096095
8,75,9,60,1.103585
8,75,9,67,1.137643
8,75,9,66,1.139023
9,1,8,58,1.108178
9,1,8,59,1.120769
9,1,10,69,1.128218
9,1,8,44,1.14449
9,1,8,43,1.151091
9,2,8,58,1.110727
9,2,8,59,1.120766
9,2,8,7,1.138475
9,2,8,54,1.146154
9,2,10,8,1.160554
9,3,10,8,1.118642
9,3,8,6,1.133092
9,3,8,58,1.160912
9,3,3,48,1.171835
9,3,3,49,1.171835
9,4,5,72,1.088363
9,4,8,63,1.089064
9,4,8,64,1.089064
9,4,8,65,1.089064
9,4,8,41,1.099473
9,5,5,72,1.088363
9,5,8,2,1.125177
9,5,8,1,1.125498
9,5,4,38,1.12816
9,5,8,45,1.129024
9,6,8,68,1.064649
9,6,8,69,1.064649
9,6,8,50,1.078201
9,6,8,51,1.078201
9,6,4,55,1.099082
9,7,8,68,1.093373
9,7,8,69,1.093373
9,7,4,38,1.096027
9,7,3,47,1.097682
9,7,3,46,1.097682
9,8,8,58,1.046054
9,8,8,56,1.083216
9,8,8,57,1.083216
9,8,8,60,1.113243
9,8,8,61,1.113243
9,9,8,41,1.155871
9,9,8,72,1.156407
9,9,8,73,1.156407
9,9,8,58,1.190242
9,9,8,64,1.19472
9,10,8,56,1.204814
9,10,8,57,1.204814
9,10,8,58,1.210186
9,10,8,10,1.218785
9,10,10,16,1.218801
9,11,10,22,1.302716
9,11,5,29,1.308278
9,11,5,9,1.363245
9,11,8,14,1.388818
9,11,10,23,1.391616
9,12,5,15,1.336082
9,12,5,30,1.354839
9,12,10,28,1.393345
9,12,8,15,1.445853
9,12,4,11,1.473725
9,13,10,24,1.263275
9,13,10,23,1.290117
9,13,8,33,1.298607
9,13,10,22,1.309548
9,13,4,8,1.356664
9,14,3,38,1.226843
9,14,10,42,1.26713
9,14,10,61,1.289006
9,14,10,41,1.309872
9,14,8,37,1.310968
9,15,8,24,1.256961
9,15,10,56,1.375752
9,15,8,16,1.382027
9,15,10,42,1.382081
9,15,8,31,1.384331
9,16,8,15,1.328906
9,16,10,56,1.33774
9,16,10,29,1.353842
9,16,5,16,1.403393
9,16,3,38,1.417002
9,17,10,59,1.227057
9,17,10,46,1.441094
9,17,4,23,1.453999
9,17,8,24,1.464946
9,17,8,34,1.509174
9,18,10,32,1.520991
9,18,8,24,1.523216
9,18,10,47,1.541751
9,18,10,43,1.556703
9,18,10,51,1.577045
9,19,10,46,1.352148
9,19,10,47,1.360771
9,19,10,59,1.372106
9,19,10,51,1.480932
9,19,10,52,1.540943
9,20,10,49,1.205735
9,20,8,20,1.205748
9,20,10,50,1.2185
9,20,8,18,1.22556
9,20,10,53,1.244135
9,21,8,28,1.238002
9,21,10,50,1.262906
9,21,8,29,1.286773
9,21,10,40,1.291796
9,21,8,20,1.314525
9,22,8,25,1.710136
9,22,10,31,1.837612
9,22,3,26,1.877449
9,22,3,29,1.907645
9,22,3,28,1.923514
9,23,8,15,1.265246
9,23,10,29,1.271113
9,23,8,13,1.296108
9,23,5,16,1.298265
9,23,10,55,1.309021
9,24,10,42,1.223992
9,24,10,24,1.236884
9,24,8,15,1.298353
9,24,4,9,1.303296
9,24,10,29,1.32368
9,25,8,13,1.214187
9,25,3,38,1.271331
9,25,10,42,1.27244
9,25,10,26,1.288417
9,25,2,45,1.294545
9,26,8,26,1.298828
9,26,10,59,1.314121
9,26,10,45,1.319936
9,26,3,39,1.354659
9,26,10,29,1.375296
9,27,10,65,1.191679
9,27,8,36,1.222008
9,27,10,62,1.233863
9,27,10,63,1.272881
9,27,3,13,1.29527
9,28,10,62,1.217426
9,28,10,63,1.229035
9,28,8,38,1.236202
9,28,8,37,1.262104
9,28,8,39,1.296015
9,29,8,39,1.151725
9,29,10,62,1.176134
9,29,10,63,1.193651
9,29,8,38,1.201662
9,29,8,37,1.227993
9,30,8,72,1.13963
9,30,8,73,1.13963
9,30,8,54,1.165449
9,30,8,68,1.165716
9,30,8,69,1.165716
9,31,8,59,1.154972
9,31,10,67,1.170495
9,31,8,54,1.179001
9,31,8,72,1.194239
9,31,8,73,1.194239
9,32,8,70,1.134084
9,32,8,50,1.13593
9,32,8,51,1.13593
9,32,10,14,1.176528
9,32,8,72,1.179995
9,33,8,70,1.125245
9,33,8,50,1.13593
9,33,8,51,1.13593
9,33,10,14,1.176528
9,33,8,72,1.179995
9,34,8,70,1.125245
9,34,8,50,1.13593
9,34,8,51,1.13593
9,34,8,72,1.179995
9,34,8,73,1.179995
9,35,8,70,1.125245
9,35,8,50,1.13593
9,35,8,51,1.13593
9,35,8,72,1.179995
9,35,8,73,1.179995
9,36,8,44,1.055981
9,36,8,58,1.05618
9,36,10,8,1.060257
9,36,10,70,1.081462
9,36,4,38,1.094719
9,37,10,8,1.080537
9,37,4,64,1.092465
9,37,4,65,1.092465
9,37,8,58,1.100681
9,37,8,6,1.115711
9,38,8,61,1.064073
9,38,8,60,1.064082
9,38,8,70,1.093932
9,38,8,43,1.112899
9,38,8,56,1.114542
9,39,8,60,1.069147
9,39,8,61,1.069147
9,39,8,43,1.081385
9,39,8,56,1.102028
9,39,8,57,1.102028
9,40,8,56,1.062472
9,40,8,57,1.062472
9,40,8,58,1.067726
9,40,8,70,1.067952
9,40,8,62,1.092246
9,41,8,63,1.029888
9,41,8,64,1.03433
9,41,8,62,1.038219
9,41,8,65,1.038762
9,41,8,70,1.067952
9,42,8,70,1.122561
9,42,8,71,1.122562
9,42,8,56,1.127424
9,42,8,57,1.127424
9,42,8,58,1.127915
9,43,8,70,1.12256
9,43,8,71,1.122561
9,43,8,56,1.127424
9,43,8,57,1.127424
9,43,8,58,1.127915
9,44,8,2,1.160256
9,44,8,3,1.160281
9,44,8,1,1.161114
9,44,8,47,1.213349
9,44,8,48,1.287718
9,45,8,2,1.160256
9,45,8,3,1.160281
9,45,8,1,1.161114
9,45,8,47,1.213307
9,45,8,48,1.287718
9,46,5,73,1.146822
9,46,4,43,1.164514
9,46,4,42,1.164519
9,46,8,60,1.168111
9,46,8,61,1.168111
9,47,8,61,1.133005
9,47,8,60,1.133071
9,47,3,69,1.140817
9,47,5,73,1.147716
9,47,8,70,1.15434
9,48,10,73,1.063093
9,48,10,72,1.064019
9,48,10,71,1.066559
9,48,4,44,1.105059
9,48,8,56,1.114614
9,49,10,71,1.033987
9,49,8,60,1.037872
9,49,8,61,1.037872
9,49,10,73,1.042371
9,49,10,72,1.050077
9,50,8,56,1.097744
9,50,8,57,1.097744
9,50,8,58,1.10035
9,50,10,69,1.139182
9,50,10,7,1.145348
9,51,8,71,1.071918
9,51,8,56,1.109291
9,51,8,57,1.109291
9,51,8,58,1.111095
9,51,8,75,1.144173
9,52,8,68,1.090121
9,52,8,69,1.090465
9,52,8,59,1.098167
9,52,8,4,1.106491
9,52,8,50,1.126661
9,53,8,68,1.129396
9,53,8,69,1.129396
9,53,8,70,1.138876
9,53,8,71,1.138876
9,53,8,58,1.15476
9,54,8,70,1.086162
9,54,8,74,1.142782
9,54,10,74,1.166077
9,54,4,52,1.166595
9,54,8,8,1.175373
9,55,8,70,1.089669
9,55,4,58,1.13204
9,55,8,63,1.189193
9,55,8,64,1.189193
9,55,8,65,1.189193
9,56,10,74,1.074931
9,56,8,74,1.079574
9,56,8,75,1.096091
9,56,10,7,1.133084
9,56,10,6,1.133368
9,57,8,74,1.076679
9,57,8,75,1.096095
9,57,8,70,1.11147
9,57,8,60,1.144314
9,57,8,61,1.144314
9,58,8,5,1.1578
9,58,8,72,1.179117
9,58,8,73,1.179117
9,58,10,4,1.181197
9,58,10,5,1.181197
9,59,8,5,1.1578
9,59,8,74,1.165398
9,59,8,8,1.198926
9,59,4,45,1.220006
9,59,10,4,1.240941
9,60,8,50,1.066694
9,60,8,51,1.066694
9,60,8,72,1.091539
9,60,8,73,1.091539
9,60,8,75,1.103585
9,61,8,50,1.028
9,61,8,51,1.028
9,61,8,70,1.102146
9,61,8,4,1.126406
9,61,8,59,1.134322
9,62,8,50,1.063296
9,62,8,51,1.063296
9,62,3,53,1.122684
9,62,8,4,1.129853
9,62,8,70,1.131805
9,63,8,50,1.063565
9,63,8,51,1.063565
9,63,8,70,1.102129
9,63,8,69,1.104227
9,63,8,68,1.104268
9,64,10,2,1.079846
9,64,3,64,1.088476
9,64,10,1,1.115082
9,64,4,70,1.136162
9,64,4,69,1.136569
9,65,10,75,1.088439
9,65,8,68,1.135972
9,65,8,69,1.135972
9,65,4,69,1.136972
9,65,8,70,1.144003
9,66,8,44,1.085499
9,66,10,75,1.093317
9,66,10,74,1.126727
9,66,8,43,1.132581
9,66,10,69,1.135641
9,67,8,44,1.085499
9,67,10,75,1.0916
9,67,10,74,1.123101
9,67,8,43,1.128005
9,67,10,69,1.135641
9,68,8,43,1.049887
9,68,10,69,1.115407
9,68,8,59,1.152364
9,68,10,75,1.157976
9,68,8,44,1.160398
9,69,8,43,1.104915
9,69,8,44,1.175352
9,69,4,64,1.183218
9,69,4,65,1.183218
9,69,10,75,1.233063
9,70,3,54,1.114536
9,70,4,39,1.122822
9,70,4,38,1.146142
9,70,8,52,1.163291
9,70,3,53,1.166299
9,71,3,46,1.067283
9,71,3,47,1.067283
9,71,10,8,1.103428
9,71,3,54,1.107987
9,71,4,38,1.12209
9,72,8,52,1.120785
9,72,4,45,1.12953
9,72,8,50,1.130054
9,72,8,51,1.130054
9,72,8,44,1.131398
9,73,4,64,1.087152
9,73,4,65,1.087152
9,73,8,6,1.09235
9,73,8,52,1.103922
9,73,8,50,1.112299
9,74,4,45,1.113114
9,74,8,52,1.119757
9,74,8,50,1.123103
9,74,8,51,1.123103
9,74,10,8,1.133143
9,75,4,45,1.129137
9,75,8,50,1.130385
9,75,8,51,1.130385
9,75,10,8,1.142545
9,75,8,52,1.151028
10,1,4,70,1.069191
10,1,4,53,1.069739
10,1,4,54,1.106514
10,1,4,72,1.113479
10,1,9,64,1.115082
10,2,3,64,1.067371
10,2,9,64,1.079846
10,2,4,72,1.111486
10,2,4,69,1.113636
10,2,4,33,1.119798
10,3,9,61,1.227732
10,3,9,63,1.236857
10,3,9,1,1.240902
10,3,9,2,1.25337
10,3,8,72,1.26186
10,4,8,74,1.141404
10,4,8,75,1.147402
10,4,9,51,1.157508
10,4,9,60,1.178029
10,4,9,58,1.181197
10,5,8,74,1.141404
10,5,8,75,1.147402
10,5,9,51,1.157508
10,5,9,60,1.178029
10,5,9,58,1.181197
10,6,8,8,1.101394
10,6,8,60,1.129844
10,6,8,61,1.129844
10,6,8,72,1.132205
10,6,8,73,1.132205
10,7,8,8,1.100677
10,7,9,48,1.129641
10,7,8,60,1.129844
10,7,8,61,1.129844
10,7,8,72,1.132205
10,8,9,36,1.060257
10,8,8,52,1.070376
10,8,9,37,1.080537
10,8,8,72,1.094828
10,8,8,73,1.094828
10,9,9,1,1.201917
10,9,8,68,1.208791
10,9,8,69,1.208791
10,9,9,2,1.21066
10,9,9,55,1.224764
10,10,8,46,1.178392
10,10,9,1,1.180062
10,10,9,60,1.192313
10,10,8,68,1.193866
10,10,8,69,1.193866
10,11,9,1,1.181194
10,11,9,55,1.199754
10,11,9,2,1.21107
10,11,8,49,1.21707
10,11,9,61,1.219311
10,12,8,41,1.127537
10,12,9,4,1.135333
10,12,3,53,1.13997
10,12,8,1,1.153541
10,12,8,3,1.161914
10,13,9,60,1.153737
10,13,9,51,1.160297
10,13,8,70,1.192174
10,13,9,56,1.198422
10,13,9,54,1.201451
10,14,8,72,1.091536
10,14,8,73,1.091536
10,14,8,71,1.138633
10,14,8,54,1.167347
10,14,9,60,1.173492
10,15,8,10,1.206602
10,15,8,11,1.214562
10,15,9,10,1.223708
10,15,3,10,1.252935
10,15,8,46,1.274936
10,16,9,10,1.218801
10,16,8,10,1.23086
10,16,3,13,1.303487
10,16,8,46,1.347165
10,16,3,11,1.354307
10,17,9,10,1.223134
10,17,8,10,1.360931
10,17,5,12,1.371383
10,17,5,13,1.371383
10,17,8,13,1.374865
10,18,9,10,1.277176
10,18,8,10,1.283567
10,18,9,9,1.327727
10,18,8,46,1.334484
10,18,8,49,1.347289
10,19,5,18,1.259826
10,19,8,10,1.261977
10,19,9,10,1.306083
10,19,5,17,1.371769
10,19,2,45,1.386251
10,20,5,18,1.270137
10,20,5,12,1.321136
10,20,5,13,1.321136
10,20,8,12,1.328951
10,20,8,35,1.335158
10,21,4,8,1.320446
10,21,8,12,1.338753
10,21,5,14,1.357756
10,21,2,74,1.370741
10,21,2,46,1.375178
10,22,9,11,1.302716
10,22,9,13,1.309548
10,22,8,12,1.349379
10,22,8,37,1.361303
10,22,2,74,1.362738
10,23,9,13,1.290117
10,23,8,12,1.34315
10,23,8,10,1.349716
10,23,3,14,1.359313
10,23,4,7,1.387865
10,24,9,24,1.236884
10,24,9,13,1.263275
10,24,8,15,1.264453
10,24,8,12,1.308707
10,24,4,9,1.315864
10,25,8,12,1.31419
10,25,8,15,1.31663
10,25,8,13,1.325278
10,25,9,25,1.375923
10,25,5,17,1.396595
10,26,9,25,1.288417
10,26,8,13,1.331113
10,26,8,12,1.335919
10,26,9,14,1.374026
10,26,8,15,1.397442
10,27,9,20,1.316131
10,27,8,18,1.320796
10,27,8,19,1.365998
10,27,1,14,1.380904
10,27,8,29,1.413977
10,28,2,73,1.348899
10,28,3,16,1.355686
10,28,9,12,1.393345
10,28,8,32,1.410794
10,28,4,11,1.432386
10,29,9,23,1.271113
10,29,8,13,1.298642
10,29,3,14,1.305475
10,29,3,38,1.310056
10,29,3,13,1.312901
10,30,2,43,1.41118
10,30,1,59,1.417332
10,30,8,18,1.532106
10,30,8,25,1.550245
10,30,9,21,1.551428
10,31,8,18,1.410122
10,31,1,7,1.42047
10,31,1,6,1.429422
10,31,5,26,1.462424
10,31,3,33,1.509214
10,32,9,24,1.364951
10,32,5,22,1.454893
10,32,5,21,1.456407
10,32,3,16,1.468601
10,32,5,43,1.479769
10,33,8,18,1.196296
10,33,8,20,1.286772
10,33,8,27,1.320048
10,33,1,75,1.354167
10,33,1,38,1.37989
10,34,8,18,1.362078
10,34,4,21,1.408727
10,34,8,29,1.444166
10,34,9,20,1.445276
10,34,4,18,1.446977
10,35,1,44,1.215745
10,35,1,39,1.221073
10,35,7,16,1.246647
10,35,4,13,1.25041
10,35,1,7,1.253234
10,36,8,18,1.201613
10,36,8,27,1.22855
10,36,8,20,1.276635
10,36,1,24,1.309357
10,36,1,27,1.312905
10,37,8,27,1.22918
10,37,1,7,1.248534
10,37,1,6,1.252796
10,37,8,18,1.252827
10,37,4,13,1.255448
10,38,1,38,1.231716
10,38,1,7,1.246403
10,38,1,24,1.260068
10,38,1,6,1.2669
10,38,4,13,1.271223
10,39,1,26,1.240772
10,39,8,31,1.24571
10,39,1,24,1.25309
10,39,1,61,1.256479
10,39,7,62,1.260116
10,40,8,18,1.267521
10,40,8,19,1.275807
10,40,9,21,1.291796
10,40,9,20,1.342062
10,40,4,13,1.420735
10,41,8,15,1.260573
10,41,2,46,1.294464
10,41,4,9,1.295773
10,41,9,14,1.309872
10,41,4,24,1.312991
10,42,8,15,1.18718
10,42,9,24,1.223992
10,42,9,14,1.26713
10,42,9,25,1.27244
10,42,9,23,1.309059
10,43,8,17,1.23249
10,43,7,64,1.276153
10,43,1,73,1.279758
10,43,1,72,1.280299
10,43,1,41,1.286149
10,44,7,68,1.167523
10,44,7,69,1.182172
10,44,7,49,1.188186
10,44,7,50,1.189285
10,44,7,63,1.195698
10,45,3,38,1.242359
10,45,2,45,1.247533
10,45,8,26,1.284446
10,45,8,13,1.298792
10,45,9,26,1.319936
10,46,9,19,1.352148
10,46,9,17,1.441094
10,46,9,18,1.605135
10,46,4,26,2.108398
10,46,4,12,2.338143
10,47,9,19,1.360771
10,47,9,18,1.541751
10,47,9,17,1.54313
10,47,4,26,1.898834
10,47,4,22,2.145609
10,48,8,20,1.290677
10,48,9,20,1.294332
10,48,1,38,1.310482
10,48,8,18,1.312738
10,48,1,39,1.313168
10,49,9,20,1.205735
10,49,1,41,1.230826
10,49,1,38,1.246836
10,49,8,27,1.277565
10,49,8,31,1.277707
10,50,9,20,1.2185
10,50,8,18,1.256306
10,50,9,21,1.262906
10,50,8,19,1.263541
10,50,8,27,1.287221
10,51,8,18,1.217332
10,51,8,19,1.276861
10,51,9,20,1.303493
10,51,8,20,1.38592
10,51,8,21,1.411593
10,52,8,18,1.210325
10,52,8,19,1.251839
10,52,9,20,1.318898
10,52,8,20,1.390897
10,52,9,21,1.423146
10,53,1,38,1.240839
10,53,9,20,1.244135
10,53,8,20,1.268758
10,53,8,18,1.27893
10,53,1,6,1.285508
10,54,3,39,1.347367
10,54,3,38,1.359298
10,54,5,20,1.365213
10,54,5,22,1.366821
10,54,2,48,1.367637
10,55,8,12,1.235691
10,55,2,45,1.252369
10,55,4,24,1.278955
10,55,8,26,1.289762
10,55,8,15,1.293863
10,56,8,24,1.30771
10,56,9,16,1.33774
10,56,4,24,1.339398
10,56,9,25,1.346542
10,56,9,15,1.375752
10,57,3,38,1.315744
10,57,2,21,1.333463
10,57,5,20,1.355513
10,57,2,20,1.366275
10,57,3,40,1.37669
10,58,5,13,1.197925
10,58,4,8,1.29488
10,58,8,35,1.299037
10,58,2,45,1.310374
10,58,9,10,1.31574
10,59,9,17,1.227057
10,59,3,39,1.233696
10,59,8,34,1.259792
10,59,9,26,1.314121
10,59,9,19,1.372106
10,60,2,20,1.192038
10,60,2,21,1.202363
10,60,2,48,1.297112
10,60,9,25,1.302309
10,60,3,13,1.30409
10,61,4,25,1.280025
10,61,8,40,1.281712
10,61,8,26,1.288813
10,61,9,14,1.289006
10,61,8,37,1.306698
10,62,8,38,1.172481
10,62,8,39,1.172787
10,62,9,29,1.176134
10,62,9,28,1.217426
10,62,9,27,1.233863
10,63,9,29,1.193651
10,63,9,28,1.229035
10,63,8,36,1.229978
10,63,9,27,1.272881
10,63,4,25,1.279684
10,64,8,39,1.220399
10,64,9,29,1.264465
10,64,8,38,1.295311
10,64,9,27,1.29842
10,64,4,29,1.328788
10,65,9,27,1.191679
10,65,8,38,1.237342
10,65,8,39,1.237667
10,65,2,45,1.271023
10,65,8,37,1.277027
10,66,9,29,1.28739
10,66,8,35,1.288377
10,66,3,42,1.293604
10,66,3,41,1.302865
10,66,4,50,1.319215
10,67,9,31,1.170495
10,67,8,4,1.18543
10,67,9,61,1.193417
10,67,9,30,1.200599
10,67,9,52,1.208935
10,68,8,72,1.142443
10,68,8,73,1.142443
10,68,9,73,1.156887
10,68,8,44,1.157547
10,68,9,36,1.168627
10,69,8,43,1.073784
10,69,8,72,1.082898
10,69,8,73,1.083306
10,69,9,49,1.09589
10,69,8,74,1.110591
10,70,5,73,1.08016
10,70,9,36,1.081462
10,70,4,50,1.122965
10,70,4,72,1.12404
10,70,4,73,1.139162
10,71,9,49,1.033987
10,71,9,48,1.066559
10,71,5,73,1.08016
10,71,4,72,1.12404
10,71,3,69,1.137276
10,72,9,49,1.050077
10,72,9,48,1.064019
10,72,5,73,1.08016
10,72,8,43,1.080782
10,72,3,69,1.132697
10,73,9,49,1.042371
10,73,9,48,1.063093
10,73,5,73,1.08016
10,73,8,43,1.090953
10,73,3,69,1.125983
10,74,8,43,1.067366
10,74,9,56,1.074931
10,74,5,73,1.093721
10,74,3,46,1.094639
10,74,3,47,1.094639
10,75,8,43,1.058529
10,75,8,58,1.076823
10,75,4,50,1.087537
10,75,9,65,1.088439
10,75,8,44,1.091448
11,1,1,1,0
11,1,1,2,0
11,1,1,3,0
11,1,1,4,0
11,1,1,5,0
11,2,5,10,5.062216
11,2,4,42,5.182823
11,2,4,43,5.182823
11,2,4,39,5.249353
11,2,5,8,5.256597
11,3,4,1,1.620901
11,3,9,69,1.629418
11,3,8,43,1.646903
11,3,10,8,1.666586
11,3,9,36,1.667733
11,4,10,10,1.526426
11,4,10,11,1.52645
11,4,10,9,1.526476
11,4,3,11,1.528025
11,4,9,69,1.532301
11,5,4,1,1.620899
11,5,9,69,1.629418
11,5,8,43,1.646907
11,5,10,8,1.666586
11,5,9,36,1.667733
11,6,4,1,1.615576
11,6,9,69,1.618945
11,6,8,43,1.630811
11,6,9,71,1.655412
11,6,10,8,1.661724
11,7,4,1,1.620628
11,7,9,69,1.629419
11,7,8,43,1.646622
11,7,10,8,1.666587
11,7,9,36,1.667733
11,8,9,69,1.619943
11,8,4,1,1.625214
11,8,8,43,1.658736
11,8,10,8,1.664776
11,8,9,66,1.665945
11,9,4,1,1.616004
11,9,9,69,1.626733
11,9,8,43,1.643732
11,9,10,8,1.665127
11,9,9,36,1.667997
11,10,9,69,1.616467
11,10,8,43,1.618319
11,10,4,1,1.636414
11,10,9,71,1.656715
11,10,10,8,1.66191
11,11,4,1,1.613277
11,11,9,69,1.625541
11,11,8,43,1.641074
11,11,10,8,1.663495
11,11,9,36,1.666895
11,12,4,1,1.612293
11,12,9,69,1.62779
11,12,8,43,1.641389
11,12,10,8,1.669341
11,12,9,66,1.671309
11,13,8,43,1.62677
11,13,9,69,1.628558
11,13,4,1,1.631451
11,13,9,36,1.664621
11,13,9,71,1.664646
11,14,9,69,1.601223
11,14,4,1,1.615945
11,14,8,43,1.640047
11,14,10,8,1.642135
11,14,9,36,1.644633
11,15,9,69,1.617522
11,15,8,43,1.625868
11,15,4,1,1.631254
11,15,10,8,1.65291
11,15,9,66,1.661111
11,16,4,1,1.615403
11,16,9,69,1.619864
11,16,8,43,1.643605
11,16,9,36,1.658803
11,16,10,8,1.658966
11,17,9,69,1.617762
11,17,4,1,1.621916
11,17,8,43,1.631708
11,17,10,8,1.654492
11,17,9,36,1.66141
11,18,9,69,1.596607
11,18,4,1,1.625425
11,18,8,43,1.63009
11,18,10,8,1.640205
11,18,9,66,1.646862
11,19,9,69,1.617789
11,19,4,1,1.621857
11,19,8,43,1.63143
11,19,10,8,1.65449
11,19,9,36,1.661386
11,20,5,71,2.00536
11,20,5,70,2.012437
11,20,5,66,2.015252
11,20,5,75,2.023145
11,20,5,67,2.028812
11,21,5,71,2.029765
11,21,5,66,2.035812
11,21,5,70,2.040341
11,21,5,75,2.051337
11,21,5,67,2.052267
11,22,5,71,2.006943
11,22,5,70,2.014241
11,22,5,66,2.016591
11,22,5,75,2.024974
11,22,5,67,2.030332
11,23,5,71,2.029519
11,23,5,66,2.035543
11,23,5,70,2.040106
11,23,5,75,2.051093
11,23,5,67,2.052
11,24,5,71,2.007897
11,24,5,70,2.015398
11,24,5,66,2.017325
11,24,5,75,2.026184
11,24,5,67,2.031229
11,25,5,71,2.028838
11,25,5,66,2.03484
11,25,5,70,2.039447
11,25,5,75,2.050474
11,25,5,67,2.051312
11,26,5,71,2.004423
11,26,5,70,2.011671
11,26,5,66,2.014133
11,26,5,75,2.022464
11,26,5,67,2.027816
11,27,5,71,2.027568
11,27,5,66,2.033559
11,27,5,70,2.038191
11,27,5,75,2.049279
11,27,5,67,2.050036
11,28,5,71,2.003173
11,28,5,70,2.01046
11,28,5,66,2.012805
11,28,5,75,2.02133
11,28,5,67,2.026515
11,29,5,71,2.025768
11,29,5,66,2.031746
11,29,5,70,2.036403
11,29,5,75,2.047578
11,29,5,67,2.048226
11,30,5,71,2.007216
11,30,5,70,2.01443
11,30,5,66,2.016903
11,30,5,75,2.025301
11,30,5,67,2.030572
11,31,5,71,2.020954
11,31,5,66,2.027125
11,31,5,70,2.03141
11,31,5,75,2.042743
11,31,5,67,2.043447
11,32,5,71,1.999497
11,32,5,70,2.006962
11,32,5,66,2.008911
11,32,5,75,2.018047
11,32,5,67,2.022739
11,33,5,71,2.018895
11,33,5,66,2.025015
11,33,5,70,2.029375
11,33,5,75,2.040809
11,33,5,67,2.041342
11,34,5,71,1.995403
11,34,5,70,2.002584
11,34,5,66,2.005089
11,34,5,75,2.013747
11,34,5,67,2.01867
11,35,5,71,2.016949
11,35,5,66,2.023018
11,35,5,70,2.027456
11,35,5,75,2.038991
11,35,5,67,2.039349
11,36,5,71,1.993632
11,36,5,70,2.000925
11,36,5,66,2.003187
11,36,5,75,2.012189
11,36,5,67,2.016837
11,37,5,71,2.015415
11,37,5,66,2.021431
11,37,5,70,2.025957
11,37,5,75,2.037587
11,37,5,67,2.037765
11,38,5,71,1.992188
11,38,5,70,1.999407
11,38,5,66,2.001797
11,38,5,75,2.010771
11,38,5,67,2.015367
11,39,5,71,2.014336
11,39,5,66,2.020299
11,39,5,70,2.02492
11,39,5,75,2.036634
11,39,5,67,2.036638
11,40,4,1,1.615472
11,40,9,69,1.61602
11,40,8,43,1.643846
11,40,10,8,1.654602
11,40,9,36,1.657933
11,41,4,1,1.616437
11,41,9,69,1.61954
11,41,8,43,1.639669
11,41,10,8,1.654841
11,41,9,36,1.66162
11,42,9,69,1.616424
11,42,4,1,1.628911
11,42,8,43,1.630143
11,42,10,8,1.655507
11,42,9,66,1.661155
11,43,4,1,1.616437
11,43,9,69,1.61954
11,43,8,43,1.639669
11,43,10,8,1.654841
11,43,9,36,1.66162
11,44,9,69,1.605507
11,44,4,1,1.620139
11,44,8,43,1.634841
11,44,10,8,1.644028
11,44,9,36,1.646074
11,45,4,1,1.616437
11,45,9,69,1.61954
11,45,8,43,1.639669
11,45,10,8,1.654841
11,45,9,36,1.66162
11,46,9,69,1.616303
11,46,4,1,1.628693
11,46,8,43,1.631619
11,46,10,8,1.655027
11,46,9,36,1.659197
11,47,4,1,1.616437
11,47,9,69,1.61954
11,47,8,43,1.639669
11,47,10,8,1.654841
11,47,9,36,1.66162
11,48,4,1,1.614002
11,48,9,69,1.637595
11,48,8,43,1.644118
11,48,9,36,1.67174
11,48,9,71,1.673139
11,49,4,1,1.616437
11,49,9,69,1.61954
11,49,8,43,1.639669
11,49,10,8,1.654841
11,49,9,36,1.66162
11,50,9,69,1.557817
11,50,9,68,1.559203
11,50,4,65,1.596445
11,50,4,64,1.598847
11,50,4,38,1.606226
